Seq.   (i);Nm.;Candidato;Partido/Coligao;Votao;% Vlidos
*0001;13131;EDUARDO SUPLICY;PT - PT / PDT / PR / PROS;301.446;5,62 %
*0002;25250;MILTON LEITE;DEM - PSDB / PSB / PP / DEM;107.957;2,01 %
*0003;43666;TRIPOLI;PV;88.843;1,66 %
*0004;11138;CONTE LOPES;PP - PSDB / PSB / PP / DEM;80.052;1,49 %
*0005;45000;MARIO COVAS NETO;PSDB - PSDB / PSB / PP / DEM;75.593;1,41 %
*0006;45555;EDUARDO TUMA;PSDB - PSDB / PSB / PP / DEM;70.273;1,31 %
*0007;14200;ADILSON AMADEU;PTB;67.071;1,25 %
*0008;10777;SOUZA SANTOS;PRB - PRB / PSC;55.924;1,04 %
*0009;15115;RICARDO NUNES;PMDB - PMDB / PSD;54.692;1,02 %
*0010;22000;CELSO JATENE;PR - PT / PDT / PR / PROS;53.715;1,00 %
*0011;40123;ELISEU GABRIEL;PSB - PSDB / PSB / PP / DEM;52.355;0,98 %
*0012;55800;RODRIGO GOULART;PSD - PMDB / PSD;49.364;0,92 %
*0013;25024;FERNANDO HOLIDAY;DEM - PSDB / PSB / PP / DEM;48.055;0,90 %
*0014;10123;ATILIO FRANCISCO;PRB - PRB / PSC;46.961;0,88 %
*0015;40096;OTA;PSB - PSDB / PSB / PP / DEM;45.915;0,86 %
*0016;13800;SENIVAL MOURA;PT - PT / PDT / PR / PROS;45.320;0,85 %
*0017;45321;PATRICIA BEZERRA;PSDB - PSDB / PSB / PP / DEM;45.285;0,84 %
*0018;45045;JO�O JORGE;PSDB - PSDB / PSB / PP / DEM;42.404;0,79 %
*0019;45451;AUR�LIO NOMURA;PSDB - PSDB / PSB / PP / DEM;41.954;0,78 %
*0020;23023;SONINHA;PPS - PPS / PHS / PMB;40.113;0,75 %
*0021;55123;EDIR SALES;PSD - PMDB / PSD;39.062;0,73 %
*0022;45678;GILSON BARRETO;PSDB - PSDB / PSB / PP / DEM;38.564;0,72 %
*0023;10456;ANDR� SANTOS;PRB - PRB / PSC;37.393;0,70 %
*0024;45444;DANIEL ANNENBERG;PSDB - PSDB / PSB / PP / DEM;36.983;0,69 %
*0025;13110;ALFREDINHO;PT - PT / PDT / PR / PROS;36.324;0,68 %
*0026;22611;TONINHO PAIVA;PR - PT / PDT / PR / PROS;35.219;0,66 %
*0027;13222;JULIANA CARDOSO;PT - PT / PDT / PR / PROS;34.949;0,65 %
*0028;25000;SANDRA TADEU;DEM - PSDB / PSB / PP / DEM;34.182;0,64 %
*0029;55400;RUTE COSTA;PSD - PMDB / PSD;33.999;0,63 %
*0030;55000;POLICE NETO;PSD - PMDB / PSD;33.537;0,63 %
*0031;13700;DONATO;PT - PT / PDT / PR / PROS;32.592;0,61 %
*0032;22401;NOEMI NONATO;PR - PT / PDT / PR / PROS;32.116;0,60 %
*0033;13114;JAIR TATTO;PT - PT / PDT / PR / PROS;30.989;0,58 %
*0034;20200;GILBERTO NASCIMENTO JR;PSC - PRB / PSC;30.382;0,57 %
*0035;45122;ADRIANA RAMALHO;PSDB - PSDB / PSB / PP / DEM;29.756;0,56 %
*0036;40400;CAMILO CRIST�FARO;PSB - PSDB / PSB / PP / DEM;29.603;0,55 %
*0037;13651;REIS;PT - PT / PDT / PR / PROS;29.308;0,55 %
*0038;14444;PAULO FRANGE;PTB;29.242;0,55 %
*0039;90123;RICARDO TEIXEIRA;PROS - PT / PDT / PR / PROS;28.515;0,53 %
*0040;45780;FABIO RIVA;PSDB - PSDB / PSB / PP / DEM;28.041;0,52 %
*0041;43456;GILBERTO NATALINI;PV;28.006;0,52 %
*0042;13699;ALESSANDRO GUEDES;PT - PT / PDT / PR / PROS;26.780;0,50 %
*0043;13696;ARSELINO TATTO;PT - PT / PDT / PR / PROS;26.596;0,50 %
*0044;15622;GEORGE HATO;PMDB - PMDB / PSD;26.104;0,49 %
*0045;22678;ISAC FELIX;PR - PT / PDT / PR / PROS;25.876;0,48 %
*0046;45456;ALINE CARDOSO;PSDB - PSDB / PSB / PP / DEM;25.769;0,48 %
*0047;45157;CLAUDINHO DE SOUZA;PSDB - PSDB / PSB / PP / DEM;24.923;0,46 %
*0048;25005;DAVID SOARES;DEM - PSDB / PSB / PP / DEM;24.892;0,46 %
*0049;19500;DR. MILTON FERREIRA;PTN;21.849;0,41 %
*0050;10444;RINALDI DIGILIO;PRB - PRB / PSC;20.916;0,39 %
*0051;30444;JANAINA LIMA;NOVO;19.425;0,36 %
*0052;23000;CLAUDIO FONSECA;PPS - PPS / PHS / PMB;18.444;0,34 %
*0053;50650;TONINHO VESPOLI;PSOL - PSOL / PCB;16.012;0,30 %
*0054;31800;Z� TURIN;PHS - PPS / PHS / PMB;14.957;0,28 %
*0055;50180;S�MIA BOMFIM;PSOL - PSOL / PCB;12.464;0,23 %
0056;43010;ABOU ANNI;PV;27.334;0,51 %
0057;13690;PAULO FIORILO;PT - PT / PDT / PR / PROS;24.767;0,46 %
0058;25888;DALTON SILVANO;DEM - PSDB / PSB / PP / DEM;24.461;0,46 %
0059;40456;CAIO MIRANDA CARNEIRO;PSB - PSDB / PSB / PP / DEM;23.459;0,44 %
0060;13633;NABIL BONDUKI;PT - PT / PDT / PR / PROS;23.269;0,43 %
0061;13313;MANOEL DEL RIO;PT - PT / PDT / PR / PROS;22.770;0,42 %
0062;12633;DR. CALVO;PDT - PT / PDT / PR / PROS;21.804;0,41 %
0063;45700;QUITO FORMIGA;PSDB - PSDB / PSB / PP / DEM;21.673;0,40 %
0064;45777;BETO DO SOCIAL;PSDB - PSDB / PSB / PP / DEM;21.423;0,40 %
0065;55555;ADOLFO QUINTAS;PSD - PMDB / PSD;21.416;0,40 %
0066;45455;EDSON APARECIDO;PSDB - PSDB / PSB / PP / DEM;21.291;0,40 %
0067;12333;ANDRE LUIZ;PDT - PT / PDT / PR / PROS;20.481;0,38 %
0068;12000;NETINHO DE PAULA;PDT - PT / PDT / PR / PROS;20.328;0,38 %
0069;12300;KAMIA;PDT - PT / PDT / PR / PROS;18.608;0,35 %
0070;13134;SIM�O PEDRO;PT - PT / PDT / PR / PROS;18.357;0,34 %
0071;15000;NELO RODOLFO;PMDB - PMDB / PSD;18.321;0,34 %
0072;25100;JONAS CAMISA NOVA;DEM - PSDB / PSB / PP / DEM;18.278;0,34 %
0073;13900;HELIO RODRIGUES;PT - PT / PDT / PR / PROS;17.891;0,33 %
0074;20633;AMAURI SILVA;PSC - PRB / PSC;17.790;0,33 %
0075;12012;WADIH MUTRAN;PDT - PT / PDT / PR / PROS;17.646;0,33 %
0076;13015;VAVA DO TRANSPORTE;PT - PT / PDT / PR / PROS;16.872;0,31 %
0077;43601;ANIBAL;PV;16.503;0,31 %
0078;14235;CORONEL EDSON FERRARINI;PTB;15.527;0,29 %
0079;15500;ARMANDINHO PROTE��O ANIMAL;PMDB - PMDB / PSD;14.681;0,27 %
0080;31031;RODRIGO GOMES;PHS - PPS / PHS / PMB;14.199;0,26 %
0081;10555;TIAGO SILVA;PRB - PRB / PSC;14.190;0,26 %
0082;14000;VALDECIR CABRABOM;PTB;13.130;0,24 %
0083;30011;RICARDO MELL�O;NOVO;12.664;0,24 %
0084;10007;MARCELINHO CARIOCA;PRB - PRB / PSC;12.602;0,24 %
0085;50000;ISA PENNA;PSOL - PSOL / PCB;12.439;0,23 %
0086;11000;THAMMY MIRANDA;PP - PSDB / PSB / PP / DEM;12.408;0,23 %
0087;14400;NUNES PEIXEIRO;PTB;12.333;0,23 %
0088;50789;CELSO GIANNAZI;PSOL - PSOL / PCB;12.139;0,23 %
0089;19123;LUIZ PASCHOAL;PTN;12.029;0,22 %
0090;31707;DRA.DAMARIS MOURA;PHS - PPS / PHS / PMB;11.863;0,22 %
0091;55100;VICTOR KOBAYASHI;PSD - PMDB / PSD;11.789;0,22 %
0092;10000;IRM� ANITA;PRB - PRB / PSC;11.534;0,22 %
0093;13123;EMILIANO ZAPATA;PT - PT / PDT / PR / PROS;11.318;0,21 %
0094;50002;DR. SIDNEY CRUZ;PSOL - PSOL / PCB;11.083;0,21 %
0095;23333;DANILO DO POSTO;PPS - PPS / PHS / PMB;10.918;0,20 %
0096;11111;CURIATI JUNIOR;PP - PSDB / PSB / PP / DEM;10.860;0,20 %
0097;12345;CLAUDIA BARONESA;PDT - PT / PDT / PR / PROS;10.782;0,20 %
0098;50075;DOUGLAS BELCHIOR;PSOL - PSOL / PCB;10.557;0,20 %
0099;19190;SGT. GALESCO;PTN;10.548;0,20 %
0100;13678;VERINHA;PT - PT / PDT / PR / PROS;10.464;0,20 %
0101;31233;JOSE MARIA TRINDADE;PHS - PPS / PHS / PMB;10.388;0,19 %
0102;10177;REP�RTER CARLOS CAVALCANTE;PRB - PRB / PSC;10.013;0,19 %
0103;15555;ERNESTO TEIXEIRA;PMDB - PMDB / PSD;9.753;0,18 %
0104;50222;PROFESSORA LUIZA COPPIETERS;PSOL - PSOL / PCB;9.744;0,18 %
0105;45400;VIN�CIUS SCHAEFER;PSDB - PSDB / PSB / PP / DEM;9.657;0,18 %
0106;23451;MIRO LEIT�O;PPS - PPS / PHS / PMB;9.527;0,18 %
0107;25700;WATANABE;DEM - PSDB / PSB / PP / DEM;9.336;0,17 %
0108;45190;LIGIERI;PSDB - PSDB / PSB / PP / DEM;9.239;0,17 %
0109;45123;JOS� ROLIM;PSDB - PSDB / PSB / PP / DEM;8.652;0,16 %
0110;50505;TODD TOMORROW;PSOL - PSOL / PCB;8.640;0,16 %
0111;45500;SALOM�O PEREIRA;PSDB - PSDB / PSB / PP / DEM;8.427;0,16 %
0112;31321;ARI FRIEDENBACH;PHS - PPS / PHS / PMB;8.268;0,15 %
0113;13132;BUIU;PT - PT / PDT / PR / PROS;8.252;0,15 %
0114;13310;LUIZ CLAUDIO MARCOLINO;PT - PT / PDT / PR / PROS;7.960;0,15 %
0115;31222;WALDIR LIMA;PHS - PPS / PHS / PMB;7.909;0,15 %
0116;55190;CORONEL ARRUDA;PSD - PMDB / PSD;7.708;0,14 %
0117;15444;ROGERIO GRAFT;PMDB - PMDB / PSD;7.435;0,14 %
0118;30000;RODRIGO FONSECA;NOVO;7.343;0,14 %
0119;19000;EVERSON MARCOS;PTN;7.334;0,14 %
0120;15150;VICTOR PERINA;PMDB - PMDB / PSD;7.149;0,13 %
0121;30190;CORONEL GLAUCO;NOVO;6.626;0,12 %
0122;10001;MARILDA COBERARTE;PRB - PRB / PSC;6.550;0,12 %
0123;14440;JUAREZ PEREIRA;PTB;6.539;0,12 %
0124;10101;DOUTOR ROGER LIN;PRB - PRB / PSC;6.186;0,12 %
0125;10400;ADEMIR DO CINEMA;PRB - PRB / PSC;6.080;0,11 %
0126;10100;EDINHO SANTANA;PRB - PRB / PSC;6.063;0,11 %
0127;30330;DIOGO DA LUZ;NOVO;6.062;0,11 %
0128;11888;PEPE;PP - PSDB / PSB / PP / DEM;6.050;0,11 %
0129;45450;L�O COUTINHO;PSDB - PSDB / PSB / PP / DEM;6.044;0,11 %
0130;31380;RODOLFO DESPACHANTE;PHS - PPS / PHS / PMB;6.001;0,11 %
0131;19910;CHICO LANG;PTN;5.865;0,11 %
0132;10789;SIDNEY OLIVEIRA FILHO;PRB - PRB / PSC;5.833;0,11 %
0133;10318;JEAN MADEIRA;PRB - PRB / PSC;5.833;0,11 %
0134;55015;LUIZA ELUF;PSD - PMDB / PSD;5.807;0,11 %
0135;10800;EDSON COQUEIRO;PRB - PRB / PSC;5.732;0,11 %
0136;30033;ROGERIO MONACO;NOVO;5.684;0,11 %
0137;30002;JOANNA DOUAT;NOVO;5.541;0,10 %
0138;19001;PAULO PROERD;PTN;5.530;0,10 %
0139;19888;CAPUTTI;PTN;5.483;0,10 %
0140;30456;JULIO SERGIO;NOVO;5.482;0,10 %
0141;10234;MAZINHO DAS FEIRAS LIVRES;PRB - PRB / PSC;5.329;0,10 %
0142;19010;FRAN KAU�;PTN;5.282;0,10 %
0143;50010;ADRIANA VASCONCELLOS;PSOL - PSOL / PCB;5.279;0,10 %
0144;19789;LEO AQUILLA;PTN;5.146;0,10 %
0145;10999;CONDE CHIQUINHO SCARPA;PRB - PRB / PSC;5.140;0,10 %
0146;55626;FERNANDO VIVIANI FERRAZ;PSD - PMDB / PSD;5.132;0,10 %
0147;14222;MARQUITO;PTB;5.114;0,10 %
0148;43111;JUSSARA DELPHINO;PV;5.066;0,09 %
0149;30777;ANDR� BOLINI;NOVO;4.945;0,09 %
0150;15111;AIRTON LOPES;PMDB - PMDB / PSD;4.821;0,09 %
0151;10044;PASTOR EUSTAQUIO;PRB - PRB / PSC;4.626;0,09 %
0152;31500;GILMAR CURTOLO;PHS - PPS / PHS / PMB;4.577;0,09 %
0153;19222;RENATO LIBONATI AERO;PTN;4.528;0,08 %
0154;14190;SARGENTO NERI;PTB;4.353;0,08 %
0155;55444;ALAN BEZERRA;PSD - PMDB / PSD;4.281;0,08 %
0156;31555;CAL;PHS - PPS / PHS / PMB;4.069;0,08 %
0157;31003;JANIO CARVALHO;PHS - PPS / PHS / PMB;4.017;0,07 %
0158;45333;CORONEL GERVASIO;PSDB - PSDB / PSB / PP / DEM;4.005;0,07 %
0159;15777;ROBERTO PIRES;PMDB - PMDB / PSD;3.989;0,07 %
0160;31999;CARLOS ALBERTO;PHS - PPS / PHS / PMB;3.931;0,07 %
0161;10010;MISSION�RIA EDILAINE PIRES;PRB - PRB / PSC;3.921;0,07 %
0162;35000;OZEIAS BATISTA;PMB - PPS / PHS / PMB;3.859;0,07 %
0163;31300;ADRIANA BORGO;PHS - PPS / PHS / PMB;3.802;0,07 %
0164;15345;FABIO FORTES;PMDB - PMDB / PSD;3.763;0,07 %
0165;50216;MUNA ZEYN;PSOL - PSOL / PCB;3.762;0,07 %
0166;14777;GUIMAR�ES;PTB;3.749;0,07 %
0167;40011;DR. JADSON MORAES;PSB - PSDB / PSB / PP / DEM;3.695;0,07 %
0168;30555;FABIO PANDO;NOVO;3.618;0,07 %
0169;31349;RICARDO HOLZ;PHS - PPS / PHS / PMB;3.599;0,07 %
0170;50200;DIANA ASSUN��O;PSOL - PSOL / PCB;3.590;0,07 %
0171;30130;ADRIANA DOR�A;NOVO;3.569;0,07 %
0172;45654;PAULO CAHIM;PSDB - PSDB / PSB / PP / DEM;3.464;0,06 %
0173;31111;RICARDO KIM;PHS - PPS / PHS / PMB;3.432;0,06 %
0174;14999;FERNANDO DA VINICIUS;PTB;3.372;0,06 %
0175;19018;VETERINARIO RAPHAEL HAMAOUI;PTN;3.358;0,06 %
0176;30030;RAUL MONEGALIA;NOVO;3.354;0,06 %
0177;15200;BEB�;PMDB - PMDB / PSD;3.352;0,06 %
0178;43300;LEANDRO SILVA;PV;3.341;0,06 %
0179;31234;AIRTON NEVES;PHS - PPS / PHS / PMB;3.311;0,06 %
0180;12007;FABRICIO RAVELLI;PDT - PT / PDT / PR / PROS;3.305;0,06 %
0181;10321;REP�RTER ANA PAULA NEVES;PRB - PRB / PSC;3.288;0,06 %
0182;10900;PROFESSORA VALDINEIA;PRB - PRB / PSC;3.271;0,06 %
0183;50550;MARINGONI;PSOL - PSOL / PCB;3.230;0,06 %
0184;19700;PROFESSOR MAEDA;PTN;3.219;0,06 %
0185;19119;CORONEL ALEXANDRE;PTN;3.170;0,06 %
0186;31010;ADEMIR DA GUIA;PHS - PPS / PHS / PMB;3.166;0,06 %
0187;55777;DRA. BETE MICHELETE;PSD - PMDB / PSD;3.165;0,06 %
0188;50050;Z� NILDO;PSOL - PSOL / PCB;3.153;0,06 %
0189;45222;LEANDRO BRAGA;PSDB - PSDB / PSB / PP / DEM;3.089;0,06 %
0190;20500;NETO ACREDITAR;PSC - PRB / PSC;3.077;0,06 %
0191;55855;FERNANDO VELUCCI;PSD - PMDB / PSD;2.977;0,06 %
0192;15222;ANDERSON MIGRI;PMDB - PMDB / PSD;2.959;0,06 %
0193;31311;MARCELINHO;PHS - PPS / PHS / PMB;2.957;0,06 %
0194;31217;MARISA DEPPMAN;PHS - PPS / PHS / PMB;2.951;0,06 %
0195;15123;DICESAR;PMDB - PMDB / PSD;2.932;0,05 %
0196;13100;PROFESSOR LUIZ ROQUE;PT - PT / PDT / PR / PROS;2.908;0,05 %
0197;45111;DR ROBERTO GUASTELLI;PSDB - PSDB / PSB / PP / DEM;2.899;0,05 %
0198;50007;FERNANDO BIKE;PSOL - PSOL / PCB;2.892;0,05 %
0199;45007;BIA BOTELHO;PSDB - PSDB / PSB / PP / DEM;2.877;0,05 %
0200;23777;NELSON HONG;PPS - PPS / PHS / PMB;2.877;0,05 %
0201;31123;AMARELINHO;PHS - PPS / PHS / PMB;2.843;0,05 %
0202;30018;SAMANTHA DANGOT;NOVO;2.815;0,05 %
0203;15474;LETIVAN CARVALHO;PMDB - PMDB / PSD;2.789;0,05 %
0204;10300;LUCIANA PEPE;PRB - PRB / PSC;2.777;0,05 %
0205;23011;DR. GIULIANO FIORETTI;PPS - PPS / PHS / PMB;2.756;0,05 %
0206;55224;CICERO FIRMINO;PSD - PMDB / PSD;2.746;0,05 %
0207;19456;PROFESSOR ROBERTINHO;PTN;2.740;0,05 %
0208;30600;LEO LIMA;NOVO;2.738;0,05 %
0209;13340;RATO DA ACADEMIA;PT - PT / PDT / PR / PROS;2.671;0,05 %
0210;10121;MARCOS RAMOS;PRB - PRB / PSC;2.645;0,05 %
0211;10333;MILT�O DA ADEGA;PRB - PRB / PSC;2.618;0,05 %
0212;31000;GUILHERME SARTORI;PHS - PPS / PHS / PMB;2.546;0,05 %
0213;19012;CLEBER ARAUJO;PTN;2.498;0,05 %
0214;50055;GIVA;PSOL - PSOL / PCB;2.486;0,05 %
0215;90119;GABRIEL  OLIVEIRA;PROS - PT / PDT / PR / PROS;2.480;0,05 %
0216;14500;H�LIO TAKATA;PTB;2.358;0,04 %
0217;43128;FRANCISCO JOSE;PV;2.348;0,04 %
0218;14011;HAROLDO GUERRA;PTB;2.330;0,04 %
0219;50111;PROFESSOR BETINHO;PSOL - PSOL / PCB;2.222;0,04 %
0220;50156;ANDERSON SEVERIANO;PSOL - PSOL / PCB;2.220;0,04 %
0221;55333;ALEXANDRE TIRELLI;PSD - PMDB / PSD;2.186;0,04 %
0222;50025;MARIA RITA CASAGRANDE;PSOL - PSOL / PCB;2.169;0,04 %
0223;10181;FABIANO BORGES;PRB - PRB / PSC;2.165;0,04 %
0224;15007;RICARDO GRANJA;PMDB - PMDB / PSD;2.151;0,04 %
0225;30210;NAOMI YAMAGUCHI;NOVO;2.118;0,04 %
0226;30111;ISABEL TEIXEIRA;NOVO;2.106;0,04 %
0227;43969;ANDRE POMBA CAGNI;PV;2.065;0,04 %
0228;31033;GERSON FIUZA;PHS - PPS / PHS / PMB;2.062;0,04 %
0229;10111;GERALDINHO;PRB - PRB / PSC;2.049;0,04 %
0230;50008;CARLA CARVALHO;PSOL - PSOL / PCB;2.042;0,04 %
0231;14014;CLAUDIO FRAN�A;PTB;2.026;0,04 %
0232;14300;DARLAN DE LIMA;PTB;2.017;0,04 %
0233;13456;EDIMAR (PIPOCA);PT - PT / PDT / PR / PROS;1.995;0,04 %
0234;50321;DORBERTO CARVALHO;PSOL - PSOL / PCB;1.994;0,04 %
0235;30007;CAUE BOCCHI;NOVO;1.991;0,04 %
0236;45888;BETO VIRA-LATA;PSDB - PSDB / PSB / PP / DEM;1.984;0,04 %
0237;31131;GARIB;PHS - PPS / PHS / PMB;1.970;0,04 %
0238;40444;PAULO MOURA;PSB - PSDB / PSB / PP / DEM;1.949;0,04 %
0239;19167;RICARDINHO;PTN;1.915;0,04 %
0240;19900;JOAOZINHO DA RETIFICA;PTN;1.907;0,04 %
0241;30314;AGNES HELENA;NOVO;1.902;0,04 %
0242;43175;DRA. PATRICIA FEITOSA;PV;1.902;0,04 %
0243;23444;PAULO ROBERTO;PPS - PPS / PHS / PMB;1.890;0,04 %
0244;45544;CELIA BICUDO;PSDB - PSDB / PSB / PP / DEM;1.887;0,04 %
0245;10153;CABRAL;PRB - PRB / PSC;1.884;0,04 %
0246;19103;DAVID SOUZA;PTN;1.880;0,04 %
0247;31456;BIRA DO POSTO DE SA�DE;PHS - PPS / PHS / PMB;1.875;0,03 %
0248;14555;ROQUE GODOY;PTB;1.871;0,03 %
0249;10110;AGNALDO FARIA GUINA;PRB - PRB / PSC;1.871;0,03 %
0250;30800;JOAQUIM FANTON;NOVO;1.854;0,03 %
0251;45145;RODRIGO FIORI;PSDB - PSDB / PSB / PP / DEM;1.852;0,03 %
0252;19230;PROFESSOR VLADIMIR;PTN;1.837;0,03 %
0253;50005;MARIANA ARON;PSOL - PSOL / PCB;1.831;0,03 %
0254;14040;MARCELLIE DESSIMONI;PTB;1.830;0,03 %
0255;55115;DUDU RODRIGUES;PSD - PMDB / PSD;1.793;0,03 %
0256;31400;DR. LUCILIO FERREIRA;PHS - PPS / PHS / PMB;1.782;0,03 %
0257;23230;DR. LUIZ ARAUJO VASCULAR;PPS - PPS / PHS / PMB;1.779;0,03 %
0258;14111;SIDERVAL MARQUES;PTB;1.779;0,03 %
0259;50420;PROFETA VERDE;PSOL - PSOL / PCB;1.776;0,03 %
0260;43033;CARLINHOS SILVA;PV;1.775;0,03 %
0261;43021;ALE PIRITUBA NET;PV;1.775;0,03 %
0262;90075;SILVINHO SILVA;PROS - PT / PDT / PR / PROS;1.765;0,03 %
0263;43079;PROFESSORA MILENA;PV;1.748;0,03 %
0264;10233;MELZINHA;PRB - PRB / PSC;1.734;0,03 %
0265;10045;EDI GOMES;PRB - PRB / PSC;1.725;0,03 %
0266;40007;GERALDO NOBREGA;PSB - PSDB / PSB / PP / DEM;1.692;0,03 %
0267;14700;DR JOACIR;PTB;1.687;0,03 %
0268;90156;RODINEI FERREIRA;PROS - PT / PDT / PR / PROS;1.666;0,03 %
0269;43123;IZA OLIVEIRA;PV;1.665;0,03 %
0270;50678;PROFESSOR EDUARDO FRANCISCO;PSOL - PSOL / PCB;1.661;0,03 %
0271;14114;PAULO NEME;PTB;1.657;0,03 %
0272;43000;JAMES LOSACCO;PV;1.649;0,03 %
0273;30730;DIEGO MONTEIRO;NOVO;1.618;0,03 %
0274;19911;MESTRE BRASILIA;PTN;1.595;0,03 %
0275;50600;MARZENI;PSOL - PSOL / PCB;1.589;0,03 %
0276;43433;PROFESSORA FATIMA AFFONSO;PV;1.586;0,03 %
0277;43011;MARCIO  PEREIRA;PV;1.584;0,03 %
0278;50500;PROFESSOR ANDR� RODRIGUES;PSOL - PSOL / PCB;1.569;0,03 %
0279;30222;NAOMY SCHOLLING;NOVO;1.557;0,03 %
0280;19157;TIGUEIS MACIEL;PTN;1.554;0,03 %
0281;30888;JULIO CASARIN;NOVO;1.544;0,03 %
0282;55033;FABIO SOUTO;PSD - PMDB / PSD;1.544;0,03 %
0283;31363;DOUGLAS DE JESUS;PHS - PPS / PHS / PMB;1.541;0,03 %
0284;50533;PR EDUARDO BARBOSA;PSOL - PSOL / PCB;1.534;0,03 %
0285;23222;RAIMUNDO SKAF;PPS - PPS / PHS / PMB;1.527;0,03 %
0286;25500;PRESB�TERO DANIEL;DEM - PSDB / PSB / PP / DEM;1.510;0,03 %
0287;55155;CORONEL LIB�RIO;PSD - PMDB / PSD;1.490;0,03 %
0288;31903;DRA. HAIFA;PHS - PPS / PHS / PMB;1.487;0,03 %
0289;31314;CIDAO;PHS - PPS / PHS / PMB;1.443;0,03 %
0290;43655;TATI OLIVEIRA;PV;1.427;0,03 %
0291;19666;SAMANTHA CONSTANZA;PTN;1.416;0,03 %
0292;30400;GENYS ALVES JR;NOVO;1.415;0,03 %
0293;30100;JO�O ORTEGA;NOVO;1.414;0,03 %
0294;14033;FABIO MOUR�O;PTB;1.391;0,03 %
0295;19016;MOACYR PAPA;PTN;1.389;0,03 %
0296;14077;THAIS COSTA;PTB;1.379;0,03 %
0297;90222;EDSON CARDOSO;PROS - PT / PDT / PR / PROS;1.375;0,03 %
0298;31223;PROFESSOR FERNANDO SULLIWAM;PHS - PPS / PHS / PMB;1.375;0,03 %
0299;30303;ROSANA SANTAROSA;NOVO;1.371;0,03 %
0300;19099;CARLOS COUTINHO;PTN;1.369;0,03 %
0301;30147;AGUILAR;NOVO;1.365;0,03 %
0302;43430;LELO;PV;1.365;0,03 %
0303;10606;OMAR MAZLOUM;PRB - PRB / PSC;1.361;0,03 %
0304;30010;LUIZ M�DOLO;NOVO;1.350;0,03 %
0305;31668;FABIANO YAMASHITA;PHS - PPS / PHS / PMB;1.349;0,03 %
0306;30321;TONY CRUYF;NOVO;1.339;0,02 %
0307;10133;PASTOR DAVID NEGR�O;PRB - PRB / PSC;1.333;0,02 %
0308;14104;LIA MARCIA;PTB;1.332;0,02 %
0309;10661;G BLACK;PRB - PRB / PSC;1.328;0,02 %
0310;14714;S�TIMA ARAUJO;PTB;1.321;0,02 %
0311;50324;TIO M�;PSOL - PSOL / PCB;1.316;0,02 %
0312;10085;BETO DO HELI�POLIS;PRB - PRB / PSC;1.305;0,02 %
0313;13030;MAIRA PINHEIRO;PT - PT / PDT / PR / PROS;1.294;0,02 %
0314;55888;MARINHO;PSD - PMDB / PSD;1.291;0,02 %
0315;14123;HENRIQUE JAMBO;PTB;1.285;0,02 %
0316;14030;CABRAL S�O REMO;PTB;1.282;0,02 %
0317;14800;PROF� ELYANA MARTINS;PTB;1.277;0,02 %
0318;50555;CAIO DEZORZI;PSOL - PSOL / PCB;1.266;0,02 %
0319;45999;LUCAS NAMASU;PSDB - PSDB / PSB / PP / DEM;1.265;0,02 %
0320;55773;DOUTOR NOGUEIRA;PSD - PMDB / PSD;1.261;0,02 %
0321;19400;MAURICIO ZOIO;PTN;1.260;0,02 %
0322;15789;GI DOS CONDUTORES;PMDB - PMDB / PSD;1.256;0,02 %
0323;50150;EDSON SENNA;PSOL - PSOL / PCB;1.254;0,02 %
0324;40888;CANIND�;PSB - PSDB / PSB / PP / DEM;1.249;0,02 %
0325;40707;DRA PATR�CIA FERNANDES;PSB - PSDB / PSB / PP / DEM;1.245;0,02 %
0326;20777;DRA PATR�CIA ALONSO;PSC - PRB / PSC;1.230;0,02 %
0327;15580;SABINO;PMDB - PMDB / PSD;1.225;0,02 %
0328;43183;PROFESSOR AUGUSTO;PV;1.218;0,02 %
0329;31122;MARCELO MORENO;PHS - PPS / PHS / PMB;1.217;0,02 %
0330;14150;ELCIO CARDOSO;PTB;1.179;0,02 %
0331;14144;PAULO BORGES;PTB;1.178;0,02 %
0332;50333;OLEGARIO DA COMUNIDADE;PSOL - PSOL / PCB;1.177;0,02 %
0333;31444;PASTOR LIMA;PHS - PPS / PHS / PMB;1.172;0,02 %
0334;20999;JONAS VAQUINHA;PSC - PRB / PSC;1.170;0,02 %
0335;10206;LUIZ DO RESTAURANTE;PRB - PRB / PSC;1.168;0,02 %
0336;90111;TONH�O;PROS - PT / PDT / PR / PROS;1.168;0,02 %
0337;10122;ALBERTO SABINO;PRB - PRB / PSC;1.164;0,02 %
0338;40044;MAURO VILLAS BOAS;PSB - PSDB / PSB / PP / DEM;1.152;0,02 %
0339;31777;MONICA BERBEL;PHS - PPS / PHS / PMB;1.149;0,02 %
0340;43600;PROFESSOR ALVARO BRUNO;PV;1.148;0,02 %
0341;50400;RAPHAEL FERRIS;PSOL - PSOL / PCB;1.127;0,02 %
0342;10125;PALHA�O ATCHIM;PRB - PRB / PSC;1.123;0,02 %
0343;43122;DIOGENES BARBOSA;PV;1.111;0,02 %
0344;43331;TIO JONAS;PV;1.109;0,02 %
0345;30300;PEDRO TURATI;NOVO;1.104;0,02 %
0346;30500;WAGNER DE LEO;NOVO;1.100;0,02 %
0347;43334;BRUNO KIM;PV;1.095;0,02 %
0348;10244;DANI LIMA;PRB - PRB / PSC;1.092;0,02 %
0349;30999;KATIA BUENO;NOVO;1.082;0,02 %
0350;10134;ANDRE CEZARIO;PRB - PRB / PSC;1.076;0,02 %
0351;45019;HALANA AMORIN;PSDB - PSDB / PSB / PP / DEM;1.072;0,02 %
0352;45545;RAFAEL NASCIMENTO;PSDB - PSDB / PSB / PP / DEM;1.069;0,02 %
0353;11055;PAULO SAKAMOTO;PP - PSDB / PSB / PP / DEM;1.067;0,02 %
0354;25123;REGINA COSTA;DEM - PSDB / PSB / PP / DEM;1.056;0,02 %
0355;19234;ALESSANDRO ZOIO;PTN;1.050;0,02 %
0356;43777;PROF. ZANZINI ZEZINHO;PV;1.047;0,02 %
0357;19444;NIVALDO SOARES;PTN;1.031;0,02 %
0358;19019;ANDREA CAMBRAIA;PTN;1.031;0,02 %
0359;15015;HAROLDO LOPES TELEVIS�O;PMDB - PMDB / PSD;1.010;0,02 %
0360;23900;BAXINHO DOG;PPS - PPS / PHS / PMB;999;0,02 %
0361;30900;ELANIR SANTOS;NOVO;995;0,02 %
0362;14051;M�RCIO BARBOZA;PTB;980;0,02 %
0363;12200;ARMANDO INGL�S;PDT - PT / PDT / PR / PROS;976;0,02 %
0364;15021;ARAUJO AGRA;PMDB - PMDB / PSD;975;0,02 %
0365;43432;ULISSES MACIEL;PV;974;0,02 %
0366;19999;DRA. NOEMIA FONSECA;PTN;970;0,02 %
0367;11234;LEVI CAVALINI;PP - PSDB / PSB / PP / DEM;965;0,02 %
0368;43678;ANDERSON CRUZ;PV;962;0,02 %
0369;45081;SUELY SOUZA;PSDB - PSDB / PSB / PP / DEM;957;0,02 %
0370;10500;JO�O PAULO MANTOVANI;PRB - PRB / PSC;950;0,02 %
0371;10522;RICARDO REI;PRB - PRB / PSC;949;0,02 %
0372;10003;DOUTOR AZKOUL;PRB - PRB / PSC;938;0,02 %
0373;43434;GABRIELA GIRALDI VEVETA;PV;938;0,02 %
0374;19024;TELLES;PTN;930;0,02 %
0375;30333;THABATA BARBOSA;NOVO;921;0,02 %
0376;10775;ERIVALDO FALC�O;PRB - PRB / PSC;919;0,02 %
0377;19033;KAKO NOVELLI;PTN;918;0,02 %
0378;55678;TARSILA DO AMARAL;PSD - PMDB / PSD;917;0,02 %
0379;14085;PARRUDO OLIVEIRA;PTB;914;0,02 %
0380;55111;JO�O MARTINS;PSD - PMDB / PSD;907;0,02 %
0381;11711;ADRIANO MESSIAS;PP - PSDB / PSB / PP / DEM;898;0,02 %
0382;14019;CLAUDIO - DINHO;PTB;898;0,02 %
0383;10200;DR. DEL VALLE;PRB - PRB / PSC;888;0,02 %
0384;31211;ALUIZIO DA DROGARIA;PHS - PPS / PHS / PMB;888;0,02 %
0385;14666;L� L�;PTB;886;0,02 %
0386;19192;RILDO AUGUSTO;PTN;885;0,02 %
0387;31313;MARCOS DE SOUZA;PHS - PPS / PHS / PMB;884;0,02 %
0388;35555;NONATO;PMB - PPS / PHS / PMB;883;0,02 %
0389;50507;JAIR OLIVEIRA;PSOL - PSOL / PCB;882;0,02 %
0390;31972;ROSELI CAMPOS;PHS - PPS / PHS / PMB;879;0,02 %
0391;15330;MATTOS DA HERBALIFE;PMDB - PMDB / PSD;878;0,02 %
0392;19555;GERALDO DA BOLBONIER;PTN;874;0,02 %
0393;43051;LATINO;PV;870;0,02 %
0394;31011;CARLOS ALBERTO RAMOS;PHS - PPS / PHS / PMB;865;0,02 %
0395;55455;EMERSON RODRIGUES METI�O;PSD - PMDB / PSD;857;0,02 %
0396;15678;PROFESSOR ANTONIO BOLACHA;PMDB - PMDB / PSD;856;0,02 %
0397;15321;ADILSON DA COPA;PMDB - PMDB / PSD;855;0,02 %
0398;43403;MAURO BROSS;PV;849;0,02 %
0399;10987;FABI FERREIRA;PRB - PRB / PSC;842;0,02 %
0400;10012;EDSON MARQUES;PRB - PRB / PSC;835;0,02 %
0401;15999;PAULO RIBEIRO;PMDB - PMDB / PSD;834;0,02 %
0402;14010;GLEISON PEGO - MINEIRO;PTB;833;0,02 %
0403;21321;L�GIA FERNANDES;PCB - PSOL / PCB;825;0,02 %
0404;43034;RODRIGO PAINERA;PV;824;0,02 %
0405;10120;SEU GABIN;PRB - PRB / PSC;819;0,02 %
0406;14001;PROFESSORA LUCI AD�O;PTB;817;0,02 %
0407;14025;CAPIT�O VANZELLI;PTB;814;0,02 %
0408;31700;JUAREZ DOMINGOS;PHS - PPS / PHS / PMB;812;0,02 %
0409;43077;DENNY THAME;PV;806;0,02 %
0410;43190;TINA DO PV;PV;803;0,01 %
0411;55999;DADO MENDES;PSD - PMDB / PSD;801;0,01 %
0412;40002;PROF. DANIEL CARREIRA;PSB - PSDB / PSB / PP / DEM;797;0,01 %
0413;50183;MARCIO TOM;PSOL - PSOL / PCB;797;0,01 %
0414;45133;VIVI MODESTO;PSDB - PSDB / PSB / PP / DEM;789;0,01 %
0415;14008;HUGO TADEU GHIRALDINI;PTB;787;0,01 %
0416;11112;MARQUINHOS TILELLI;PP - PSDB / PSB / PP / DEM;786;0,01 %
0417;14013;CLAUDIA DAMASCENO;PTB;784;0,01 %
0418;14121;PEIXE ZONA SUL;PTB;782;0,01 %
0419;19333;JA�A;PTN;780;0,01 %
0420;43320;PROFESSOR MARCEL FERRADA;PV;779;0,01 %
0421;19008;DR. PAULO SANTANA;PTN;778;0,01 %
0422;19507;MARISA BELTRAME;PTN;770;0,01 %
0423;40777;PAULO ABREU;PSB - PSDB / PSB / PP / DEM;761;0,01 %
0424;10222;DOUTORA REGINA MANSUR;PRB - PRB / PSC;760;0,01 %
0425;43174;VASCO;PV;755;0,01 %
0426;55055;JOS� LUIZ;PSD - PMDB / PSD;749;0,01 %
0427;31080;JO�O AZEVEDO;PHS - PPS / PHS / PMB;749;0,01 %
0428;31914;MARCELO LIMA;PHS - PPS / PHS / PMB;740;0,01 %
0429;43667;MARCOS NERES;PV;735;0,01 %
0430;22333;TONINHO ADB;PR - PT / PDT / PR / PROS;734;0,01 %
0431;14002;FERNANDO NUNES;PTB;732;0,01 %
0432;50123;AILTON AMARAL;PSOL - PSOL / PCB;724;0,01 %
0433;14567;ULISSES TAYLOR;PTB;724;0,01 %
0434;12123;MARCELO TERRA;PDT - PT / PDT / PR / PROS;721;0,01 %
0435;10223;MARC�O DO G�S;PRB - PRB / PSC;719;0,01 %
0436;19007;CYBELE;PTN;718;0,01 %
0437;19890;REGINALDO CORNETA;PTN;714;0,01 %
0438;19100;CARL�O LOCO;PTN;711;0,01 %
0439;43286;GILBERTO HOLOVATINO;PV;711;0,01 %
0440;23133;EDMAR LUZ;PPS - PPS / PHS / PMB;709;0,01 %
0441;19600;TACHIBANA;PTN;706;0,01 %
0442;43369;DR. S�RGIO ALVES;PV;700;0,01 %
0443;31007;PATRICIA CICARELLI;PHS - PPS / PHS / PMB;694;0,01 %
0444;19765;ALCIDES DIAS;PTN;694;0,01 %
0445;19199;KARINA SOMAGGIO;PTN;692;0,01 %
0446;55255;RODRIGO SCALISE;PSD - PMDB / PSD;688;0,01 %
0447;43500;JOEL CALANDRA;PV;684;0,01 %
0448;43888;BRUNO THEOPHILO;PV;683;0,01 %
0449;14258;JOS� FERRO MARATONISTA;PTB;678;0,01 %
0450;23323;ALMIR MATOS;PPS - PPS / PHS / PMB;676;0,01 %
0451;19557;EVANDRO ENFERMEIRO;PTN;676;0,01 %
0452;19021;LENYNHA;PTN;675;0,01 %
0453;50350;CABE��O;PSOL - PSOL / PCB;670;0,01 %
0454;22444;VAGUINHO;PR - PT / PDT / PR / PROS;667;0,01 %
0455;22355;TONINHO ALMEIDA;PR - PT / PDT / PR / PROS;664;0,01 %
0456;10888;DR VALTER PAIVA;PRB - PRB / PSC;659;0,01 %
0457;43055;DORINHA ANDORINHA;PV;659;0,01 %
0458;43333;BOCA NERVOSA;PV;648;0,01 %
0459;10105;PEPEU LORENA;PRB - PRB / PSC;643;0,01 %
0460;45025;ANA LAZARIM;PSDB - PSDB / PSB / PP / DEM;633;0,01 %
0461;30050;TOLEDO;NOVO;630;0,01 %
0462;19800;TIGU�S;PTN;630;0,01 %
0463;14220;CHICO BACALHAU;PTB;626;0,01 %
0464;19044;CESAR PADOVAN DO MOINHO;PTN;621;0,01 %
0465;22646;RICARDO MEDEIROS;PR - PT / PDT / PR / PROS;618;0,01 %
0466;10700;CARLOS AD�O;PRB - PRB / PSC;616;0,01 %
0467;10017;SUELI DA PAZ;PRB - PRB / PSC;613;0,01 %
0468;22123;ROBSON GUTEMBERG;PR - PT / PDT / PR / PROS;612;0,01 %
0469;19131;SHINSHO TAKARA;PTN;605;0,01 %
0470;14122;SERGIO VIEIRA (O XUXA);PTB;605;0,01 %
0471;19899;GAR�OM;PTN;604;0,01 %
0472;31250;EVANIO DA SAUDE;PHS - PPS / PHS / PMB;600;0,01 %
0473;43544;MAURO PINTO;PV;598;0,01 %
0474;43444;SHIRLEY SIOLARY;PV;598;0,01 %
0475;14456;MARCO COMBERTINO - PORTUGU�S;PTB;596;0,01 %
0476;55010;FABIO FLEXA;PSD - PMDB / PSD;592;0,01 %
0477;43232;ROGERIO NAGAI;PV;592;0,01 %
0478;45001;ANNE MACHADO;PSDB - PSDB / PSB / PP / DEM;587;0,01 %
0479;19359;J.R.;PTN;585;0,01 %
0480;25255;SALVADOR SERRATO;DEM - PSDB / PSB / PP / DEM;584;0,01 %
0481;19196;TATIANE POLI;PTN;578;0,01 %
0482;55120;PROFESSORA GISLAINE;PSD - PMDB / PSD;577;0,01 %
0483;45010;ROSELI BRENTZEL;PSDB - PSDB / PSB / PP / DEM;576;0,01 %
0484;15932;ENFERMEIRA SANDRA TOCALINO;PMDB - PMDB / PSD;576;0,01 %
0485;50300;DR. COIMBRA;PSOL - PSOL / PCB;574;0,01 %
0486;11113;GILMARA VANZO;PP - PSDB / PSB / PP / DEM;573;0,01 %
0487;43789;MIGUEL PAIVA;PV;567;0,01 %
0488;19193;CRISTIANE MOURA;PTN;567;0,01 %
0489;45004;MARTHA LEIT�O;PSDB - PSDB / PSB / PP / DEM;565;0,01 %
0490;50014;MARIA DE FATIMA;PSOL - PSOL / PCB;564;0,01 %
0491;14712;JADIR PORTO;PTB;563;0,01 %
0492;45005;ANDR�A SANTOS;PSDB - PSDB / PSB / PP / DEM;562;0,01 %
0493;45012;SILVINHA DA VILA MADALENA;PSDB - PSDB / PSB / PP / DEM;561;0,01 %
0494;23202;ROG�RIO MATEUS;PPS - PPS / PHS / PMB;555;0,01 %
0495;43321;MIKE SILVA;PV;553;0,01 %
0496;22210;ADAIL LEITE;PR - PT / PDT / PR / PROS;551;0,01 %
0497;14012;PR. MARCO K�HL;PTB;547;0,01 %
0498;19979;PROF. PERU;PTN;543;0,01 %
0499;22022;DRA ALEXANDRA PUJOL;PR - PT / PDT / PR / PROS;540;0,01 %
0500;10188;ROBSON GAGUINHO;PRB - PRB / PSC;540;0,01 %
0501;14015;ZEBR�O;PTB;539;0,01 %
0502;20070;RENATO TAMAIO;PSC - PRB / PSC;536;0,01 %
0503;13500;NADIR SAMPAIO;PT - PT / PDT / PR / PROS;532;0,01 %
0504;14127;ANDERSON SANTOS;PTB;523;0,01 %
0505;14711;CLOVIS REIS;PTB;522;0,01 %
0506;45445;CLAIRE BARBAGALLO;PSDB - PSDB / PSB / PP / DEM;517;0,01 %
0507;50777;GILBERTO FEITOSA;PSOL - PSOL / PCB;517;0,01 %
0508;55227;JO�O DA BETE;PSD - PMDB / PSD;517;0,01 %
0509;31029;EDILENE MAZER;PHS - PPS / PHS / PMB;516;0,01 %
0510;13163;CAROL PROTESTO;PT - PT / PDT / PR / PROS;516;0,01 %
0511;43007;CARLITO;PV;515;0,01 %
0512;19003;DONY ALMEIDA;PTN;512;0,01 %
0513;14728;MAURICIO LUDOVICO;PTB;511;0,01 %
0514;30700;FL�VIO PEDRO;NOVO;510;0,01 %
0515;10005;GERALDO NASCIMENTO;PRB - PRB / PSC;509;0,01 %
0516;50100;NILO GAR�OM;PSOL - PSOL / PCB;504;0,01 %
0517;10253;CLARICE BARBOSA;PRB - PRB / PSC;498;0,01 %
0518;15100;JAMES DICK;PMDB - PMDB / PSD;497;0,01 %
0519;25555;MAURO KOVTUN;DEM - PSDB / PSB / PP / DEM;496;0,01 %
0520;31822;CONCEI��O SANTOS;PHS - PPS / PHS / PMB;495;0,01 %
0521;12349;BAHIA DA GALINHADA;PDT - PT / PDT / PR / PROS;492;0,01 %
0522;30036;LUCIA SIVELLI;NOVO;491;0,01 %
0523;10192;PROFESSORA SIMONE;PRB - PRB / PSC;491;0,01 %
0524;23150;GERALDO DA ESCOLA;PPS - PPS / PHS / PMB;490;0,01 %
0525;43954;GATO CELIS;PV;487;0,01 %
0526;55051;PAOLA ESTEV�O;PSD - PMDB / PSD;487;0,01 %
0527;50888;PAULO ROCHA;PSOL - PSOL / PCB;486;0,01 %
0528;19013;KARINE MESQUITA;PTN;486;0,01 %
0529;19198;PAULO CAMPS;PTN;485;0,01 %
0530;43151;RODRIGO DA LAN HOUSE;PV;485;0,01 %
0531;19020;DR. EVANIR;PTN;484;0,01 %
0532;43032;ADEMIR CRICK;PV;477;0,01 %
0533;31701;VIVIANE AUGUSTO;PHS - PPS / PHS / PMB;477;0,01 %
0534;14110;CEBOLINHA;PTB;474;0,01 %
0535;10018;MAURO HAMBURGER;PRB - PRB / PSC;474;0,01 %
0536;12222;CLAUDIO BEZERRA;PDT - PT / PDT / PR / PROS;473;0,01 %
0537;19149;C MARIO;PTN;473;0,01 %
0538;23411;VERA L�CIA NUNES;PPS - PPS / PHS / PMB;471;0,01 %
0539;43070;VALTER LIMA CIDADE TIRADENTES;PV;470;0,01 %
0540;50900;AKIKO AKIYAMA;PSOL - PSOL / PCB;466;0,01 %
0541;14900;FRAN MAR�AL;PTB;460;0,01 %
0542;10213;VERA BARBOSA;PRB - PRB / PSC;456;0,01 %
0543;19129;NIVALDO DA RECICLAGEM;PTN;454;0,01 %
0544;19090;ANINHA SANTANA;PTN;454;0,01 %
0545;10211;KLEBER  BRUNO;PRB - PRB / PSC;452;0,01 %
0546;43332;DOUTOR EUGENIO FERRARI;PV;450;0,01 %
0547;23123;ESTER;PPS - PPS / PHS / PMB;450;0,01 %
0548;19754;ZENILTON BEZERRA;PTN;448;0,01 %
0549;31124;CINTIA OLIVEIRA;PHS - PPS / PHS / PMB;446;0,01 %
0550;43047;NOVALTE;PV;443;0,01 %
0551;22626;CARLOS CUNHA;PR - PT / PDT / PR / PROS;443;0,01 %
0552;15190;SIDERATOS;PMDB - PMDB / PSD;443;0,01 %
0553;10261;VILMA MISSIAS;PRB - PRB / PSC;443;0,01 %
0554;43134;GILBERTO PUJOL;PV;442;0,01 %
0555;31270;OLGA LINO;PHS - PPS / PHS / PMB;439;0,01 %
0556;13124;BEL S�;PT - PT / PDT / PR / PROS;438;0,01 %
0557;14017;TREVISAN;PTB;432;0,01 %
0558;43222;EDSON VIEIRA;PV;431;0,01 %
0559;14514;C�LIA CORR�A;PTB;429;0,01 %
0560;43009;ROS�LIA GOMES;PV;417;0,01 %
0561;14074;ALEKSANDRO HUMBERTO;PTB;415;0,01 %
0562;50015;DR ADRIANO PELOSO;PSOL - PSOL / PCB;415;0,01 %
0563;43999;TOMAZ KURASHIMA;PV;412;0,01 %
0564;19002;NALDO;PTN;411;0,01 %
0565;19200;ALAX PORTO;PTN;410;0,01 %
0566;15300;MARC�O CONTRA OPRESS�O;PMDB - PMDB / PSD;408;0,01 %
0567;31911;SILVANA BUENO;PHS - PPS / PHS / PMB;407;0,01 %
0568;55007;ANGELICA LEITE;PSD - PMDB / PSD;403;0,01 %
0569;23033;HILDA FURAC�O;PPS - PPS / PHS / PMB;402;0,01 %
0570;30123;ROSSANO;NOVO;400;0,01 %
0571;30005;ISABEL BARCELLO;NOVO;399;0,01 %
0572;31677;DORCAS FREITAS;PHS - PPS / PHS / PMB;398;0,01 %
0573;30323;PAULO PIMENTEL;NOVO;398;0,01 %
0574;19422;PASTOR JOAO AUGUSTO;PTN;394;0,01 %
0575;14063;MORGANA MICHELETT;PTB;394;0,01 %
0576;23300;DIEGO PENUELA;PPS - PPS / PHS / PMB;388;0,01 %
0577;31077;CLAUDETE CACCIA;PHS - PPS / PHS / PMB;387;0,01 %
0578;19059;OLIVIA TRINDADE;PTN;385;0,01 %
0579;45121;VANESSA ORSINI;PSDB - PSDB / PSB / PP / DEM;385;0,01 %
0580;15234;DR OSWALDO MARTINS WAD�O;PMDB - PMDB / PSD;382;0,01 %
0581;14006;DR. LUCENA;PTB;380;0,01 %
0582;14133;EDUARDO RIBEIRO;PTB;378;0,01 %
0583;43558;SERGIO NAVARRA;PV;368;0,01 %
0584;12555;ANDREA RODRIGUES;PDT - PT / PDT / PR / PROS;368;0,01 %
0585;43498;VLADIMIR CAMELO;PV;366;0,01 %
0586;14090;BRUNO LISBOA;PTB;366;0,01 %
0587;10115;MANOELA;PRB - PRB / PSC;365;0,01 %
0588;23420;QUIQUI BARROS;PPS - PPS / PHS / PMB;363;0,01 %
0589;31881;JOSE ANN;PHS - PPS / PHS / PMB;362;0,01 %
0590;19969;ANTONIA COSTA;PTN;361;0,01 %
0591;50528;VERA STEFANOV;PSOL - PSOL / PCB;356;0,01 %
0592;43211;CRIS GOUV�A;PV;355;0,01 %
0593;10210;VERO LAYDE;PRB - PRB / PSC;355;0,01 %
0594;22300;FABIANE MARQUES;PR - PT / PDT / PR / PROS;352;0,01 %
0595;14410;XAND�O VIAJANTE;PTB;343;0,01 %
0596;10087;GIBI EX-ORIGINAIS DO SAMBA;PRB - PRB / PSC;340;0,01 %
0597;14414;ENOC GOMES;PTB;339;0,01 %
0598;31332;ROSANA DO CURSINO;PHS - PPS / PHS / PMB;336;0,01 %
0599;19345;CARLOS LAIA;PTN;335;0,01 %
0600;22500;NAILTON SILVA;PR - PT / PDT / PR / PROS;334;0,01 %
0601;90112;Z� BRITO;PROS - PT / PDT / PR / PROS;333;0,01 %
0602;43133;LAU PRADO;PV;327;0,01 %
0603;19077;EURICO TIUZ�O;PTN;322;0,01 %
0604;19194;ITA VENANCIO;PTN;321;0,01 %
0605;14658;GILBERTO CAPITAN;PTB;319;0,01 %
0606;10741;IZILDINHA;PRB - PRB / PSC;316;0,01 %
0607;10532;EDVALDO TUTU;PRB - PRB / PSC;313;0,01 %
0608;43233;BI�LOGA DELMA RIGO;PV;311;0,01 %
0609;15400;CI�A CHAVES;PMDB - PMDB / PSD;308;0,01 %
0610;55655;BEN�;PSD - PMDB / PSD;306;0,01 %
0611;14024;LUCIMAR FREIRE;PTB;305;0,01 %
0612;90158;RITA VASCONCELOS;PROS - PT / PDT / PR / PROS;305;0,01 %
0613;43185;VERA SIM�ES;PV;299;0,01 %
0614;43003;ANDREA HABINOSKI;PV;299;0,01 %
0615;55066;MIRIAM DE SOUZA;PSD - PMDB / PSD;298;0,01 %
0616;43339;RONALDO BIROSKA;PV;297;0,01 %
0617;55355;JULIANA REGINA;PSD - PMDB / PSD;297;0,01 %
0618;31018;VINA FERRAZ;PHS - PPS / PHS / PMB;295;0,01 %
0619;13413;CARIN SANCHES;PT - PT / PDT / PR / PROS;295;0,01 %
0620;14016;BRUNO ALVES MIRANDA;PTB;294;0,01 %
0621;45625;ROSI DIAS;PSDB - PSDB / PSB / PP / DEM;293;0,01 %
0622;19031;ROSY SANTANA;PTN;293;0,01 %
0623;13007;EDDY LIMA SHOW;PT - PT / PDT / PR / PROS;291;0,01 %
0624;10014;ALE SAMPAIO;PRB - PRB / PSC;291;0,01 %
0625;19777;DINA;PTN;290;0,01 %
0626;10143;UILSON CAJUY;PRB - PRB / PSC;288;0,01 %
0627;30301;ROBERTO PAIVA;NOVO;284;0,01 %
0628;90178;GILBERTO RIBEIRO;PROS - PT / PDT / PR / PROS;281;0,01 %
0629;13199;HUGO DAS RARAS;PT - PT / PDT / PR / PROS;279;0,01 %
0630;10155;ID� MANSUR;PRB - PRB / PSC;278;0,01 %
0631;19027;LUCAS NELIM;PTN;277;0,01 %
0632;50038;RAFAEL MARMO;PSOL - PSOL / PCB;273;0,01 %
0633;14559;CL�CIO VIANA;PTB;273;0,01 %
0634;31888;SHEILA VERVLOET;PHS - PPS / PHS / PMB;270;0,01 %
0635;45002;DIVA ALVES;PSDB - PSDB / PSB / PP / DEM;267;0,01 %
0636;10453;CELIA CUNHA;PRB - PRB / PSC;266;0,01 %
0637;55321;PEDRO PESSOA;PSD - PMDB / PSD;266;0,01 %
0638;43900;ELCIO MUNIN;PV;264;0,01 %
0639;14789;ELIANE CARAVANISTA;PTB;264;0,01 %
0640;10356;PROFESSORA IZAURA;PRB - PRB / PSC;262;0,01 %
0641;55013;PAULO TEIXEIRA;PSD - PMDB / PSD;259;0,01 %
0642;55500;GABRIELLE JORDANO;PSD - PMDB / PSD;256;0,01 %
0643;19610;CREUSA VIEIRA;PTN;253;0,01 %
0644;14580;WANDA DO PET;PTB;253;0,01 %
0645;25176;DANIEL BERETTA;DEM - PSDB / PSB / PP / DEM;251;0,01 %
0646;10600;AM�LIA E VOCE;PRB - PRB / PSC;247;0,01 %
0647;43994;MAURICIO BARROS;PV;246;0,01 %
0648;15644;VOV� EQUILIBRISTA;PMDB - PMDB / PSD;245;0,01 %
0649;10818;DADO KRASIL;PRB - PRB / PSC;244;0,01 %
0650;19607;VALDIR FISCAL;PTN;244;0,01 %
0651;19365;REGINA MENDES;PTN;244;0,01 %
0652;43437;XICO LUZ;PV;241;0,01 %
0653;12312;ANDR� GAETTA;PDT - PT / PDT / PR / PROS;239;0,01 %
0654;22013;ELAINE ALBA;PR - PT / PDT / PR / PROS;234;0,01 %
0655;43023;CREUSA DUR�ES;PV;230;0,01 %
0656;13513;GABRIELA CABRAL;PT - PT / PDT / PR / PROS;229;0,01 %
0657;50153;RODRIGO LIMA;PSOL - PSOL / PCB;225;0,01 %
0658;14669;ANNE DO ACARAJ�;PTB;218;0,01 %
0659;19025;CLAUDIA COLABORI;PTN;214;0,01 %
0660;14600;SILVANA GON�ALVES;PTB;212;0,01 %
0661;15550;SILVANA TRENTINI;PMDB - PMDB / PSD;211;0,01 %
0662;43013;F�TIMA FURTADO;PV;204;0,01 %
0663;22181;DR DARCIO;PR - PT / PDT / PR / PROS;204;0,01 %
0664;14611;WAGNER ZUL�;PTB;198;0,01 %
0665;50551;EDNALDO BISPO;PSOL - PSOL / PCB;198;0,01 %
0666;11333;LIKKA ROJAS;PP - PSDB / PSB / PP / DEM;197;0,01 %
0667;31238;PAULINHO DO PHS;PHS - PPS / PHS / PMB;194;0,01 %
0668;30200;FERNANDO BARROS;NOVO;192;0,01 %
0669;14045;MARIA SANCHEZ;PTB;191;0,01 %
0670;43018;ADRIANA SIMOES;PV;189;0,01 %
0671;21211;TALITA TECEDOR;PCB - PSOL / PCB;189;0,01 %
0672;50242;MARIA DO GERALDINO;PSOL - PSOL / PCB;186;0,01 %
0673;43344;MARCELO DA VILA;PV;183;0,01 %
0674;50171;LOURDES;PSOL - PSOL / PCB;182;0,01 %
0675;15551;ARIADNE FERREIRA ESPINDOLA;PMDB - PMDB / PSD;182;0,01 %
0676;30678;GALDINO;NOVO;182;0,01 %
0677;43121;AUR�LIO BARBATO;PV;181;0,01 %
0678;15011;STEFANIA SALVIATI;PMDB - PMDB / PSD;180;0,01 %
0679;43867;JOSE GERALDO;PV;179;0,01 %
0680;11298;BIA TAXISTA;PP - PSDB / PSB / PP / DEM;168;0,01 %
0681;23205;ALESSANDRO JUDOCA;PPS - PPS / PHS / PMB;167;0,01 %
0682;14619;CARLA BORGES;PTB;166;0,01 %
0683;50001;CHAR�N;PSOL - PSOL / PCB;162;0,01 %
0684;19554;FRANCISCA SURIANO;PTN;161;0,01 %
0685;14202;LUIZ MACHADO;PTB;158;0,01 %
0686;22757;H�LIO BUS�LOGO;PR - PT / PDT / PR / PROS;156;0,01 %
0687;19876;FLAVIA RAINHA;PTN;154;0,01 %
0688;23357;WALDEMAR MARTINS - DEMA;PPS - PPS / PHS / PMB;149;0,01 %
0689;14145;MARIA TERESA LATTARI;PTB;145;0,01 %
0690;15037;VALERIA LOSSANI;PMDB - PMDB / PSD;143;0,01 %
0691;50501;VALDEMI CAVALCANTE ESPERAN�A;PSOL - PSOL / PCB;143;0,01 %
0692;14003;SUZZANNE DO SAMBA DO SEU Z�;PTB;136;0,01 %
0693;14501;VALERIA;PTB;135;0,01 %
0694;14540;ANDREIA CARVALHO;PTB;133;0,01 %
0695;10358;VERA NILZA;PRB - PRB / PSC;130;0,01 %
0696;19851;DORINHA MACHADO;PTN;116;0,01 %
0697;14027;VERA L�CIA;PTB;116;0,01 %
0698;43143;PAOLA ELIDE;PV;115;0,01 %
0699;19127;NEI FAVELA;PTN;113;0,01 %
0700;55700;SAMIRA JORGOV;PSD - PMDB / PSD;113;0,01 %
0701;90200;PATRICIA DAS MISS�ES;PROS - PT / PDT / PR / PROS;113;0,01 %
0702;55595;MARCELO MACEDO PIQUET;PSD - PMDB / PSD;110;0,01 %
0703;22023;PARAQUEDISTA JOSIAS JANUARIO;PR - PT / PDT / PR / PROS;108;0,01 %
0704;14022;VERA MACHADO;PTB;106;0,01 %
0705;43041;SAMANTHA DIAS;PV;104;0,01 %
0706;11999;ANDRE CARVALHO;PP - PSDB / PSB / PP / DEM;104;0,01 %
0707;23275;DIRCE TERRIANO;PPS - PPS / PHS / PMB;102;0,01 %
0708;50017;COBRADORA SHOW;PSOL - PSOL / PCB;102;0,01 %
0709;19056;CLARICE AGUILLAR;PTN;99;0,01 %
0710;15158;SILVIA PAES;PMDB - PMDB / PSD;97;0,01 %
0711;23100;IZILDINHA ESQUIRRA;PPS - PPS / PHS / PMB;92;0,01 %
0712;35123;DRA. MIRIAN ROSA;PMB - PPS / PHS / PMB;91;0,01 %
0713;50850;ROBSON GOMES;PSOL - PSOL / PCB;90;0,01 %
0714;23111;ROBERTA GIMENEZ;PPS - PPS / PHS / PMB;88;0,01 %
0715;13052;R� DO PT;PT - PT / PDT / PR / PROS;85;0,01 %
0716;14780;ROSANGELA NOGUEIRA;PTB;82;0,01 %
0717;10199;PROFESSORA SONIA MARIA;PRB - PRB / PSC;80;0,01 %
0718;90377;MARIA VANDA;PROS - PT / PDT / PR / PROS;80;0,01 %
0719;22218;EMILIA;PR - PT / PDT / PR / PROS;71;0,01 %
0720;43042;CARMINHA;PV;70;0,01 %
0721;15077;GRA�A SANTOS;PMDB - PMDB / PSD;62;0,01 %
0722;43220;MARLENE VERDI;PV;60;0,01 %
0723;43766;MR. MORGAN;PV;53;0,01 %
0724;15170;ELIENE RIBEIRO;PMDB - PMDB / PSD;42;0,01 %
0725;23047;HAMILTON S. FARIA;PPS - PPS / PHS / PMB;42;0,01 %
0726;43336;MARCO ANTONIO;PV;34;0,01 %
0727;22552;GRA�A DIAS;PR - PT / PDT / PR / PROS;33;0,01 %
0728;19678;ESTRELA KARINA;PTN;32;0,01 %
0729;22280;ANTONINHA;PR - PT / PDT / PR / PROS;29;0,01 %
0730;50700;WARLEY ALVES;PSOL - PSOL / PCB;24;0,01 %
0731;19004;MARCIA;PTN;23;0,01 %
0732;43029;MARY FALCONI;PV;6;0,01 %
0733;18000;MARINA HELOU;REDE;16.212;0,30 %
0734;77777;VALDIR PEREIRA;SD;12.665;0,24 %
0735;65222;MANOLO;PC do B;11.015;0,21 %
0736;17666;RODRIGO GR6;PSL;8.693;0,16 %
0737;65100;ALCIDES AMAZONAS;PC do B;8.471;0,16 %
0738;65123;JAMIL MURAD;PC do B;6.615;0,12 %
0739;18777;SERGINHO BORGES;REDE;6.308;0,12 %
0740;36367;DANIELA BRUZARROSCO;PTC - PRP / PTC / PT do B;5.981;0,11 %
0741;65001;JOSELITO;PC do B;4.828;0,09 %
0742;17000;GENTIL;PSL;4.802;0,09 %
0743;18007;PEDRO MARKUN;REDE;4.624;0,09 %
0744;77190;CORONEL VELOZO;SD;4.578;0,09 %
0745;51000;MOZART RUSSOMANO;PEN;4.349;0,08 %
0746;65000;LUIS FRAN�A;PC do B;4.195;0,08 %
0747;54654;GILSON RODRIGUES;PPL;3.873;0,07 %
0748;17123;TAND�O;PSL;3.617;0,07 %
0749;65400;WANDER GERALDO;PC do B;3.441;0,06 %
0750;17027;ALFREDINHO DUQUE;PSL;3.343;0,06 %
0751;27011;PAULO VALENTIM;PSDC;3.126;0,06 %
0752;65192;JEFFERSON CAPRONI;PC do B;3.063;0,06 %
0753;17707;SIDNEI SELES;PSL;2.858;0,05 %
0754;27194;LAERCIO S� SUCESSO;PSDC;2.666;0,05 %
0755;65065;MARTA LUCAS;PC do B;2.634;0,05 %
0756;77000;GILBERTO COSTA;SD;2.523;0,05 %
0757;44130;DORA MARIANO;PRP - PRP / PTC / PT do B;2.452;0,05 %
0758;51234;PAPAI NOEL ROBSON;PEN;2.435;0,05 %
0759;17147;SERGIO TERRRA;PSL;2.361;0,04 %
0760;27177;MOACYR FIRMINO DO SINDLOG;PSDC;2.307;0,04 %
0761;18018;PAULO LEME;REDE;2.255;0,04 %
0762;28128;LIVIA FIDELIX;PRTB;2.224;0,04 %
0763;18111;MARCIO BLACK;REDE;2.140;0,04 %
0764;77500;COLEGA IVANETE;SD;2.095;0,04 %
0765;17999;MARCOS BETO;PSL;2.081;0,04 %
0766;77157;LUCAS GORD�O;SD;2.064;0,04 %
0767;44123;WILLIAN OLIVEIRA;PRP - PRP / PTC / PT do B;2.041;0,04 %
0768;17251;FATIMA BARBOSA;PSL;2.026;0,04 %
0769;17444;PAULINHO BRAGA;PSL;2.017;0,04 %
0770;65199;FABIO ADONIS;PC do B;2.015;0,04 %
0771;51157;DIONY  SILVA;PEN;1.918;0,04 %
0772;51323;CARLOS AGUIAR;PEN;1.905;0,04 %
0773;17888;ANA PAULA DA FARMARCIA;PSL;1.845;0,03 %
0774;65300;EDINHO RIBEIRO;PC do B;1.839;0,03 %
0775;65999;LUISINHO REDE NOROESTE;PC do B;1.827;0,03 %
0776;18222;PROFESSORA JACQUELINE;REDE;1.826;0,03 %
0777;17011;IVO ARAUJO "BIGODE";PSL;1.819;0,03 %
0778;77007;MAJOR NATANAEL;SD;1.684;0,03 %
0779;44111;LUIZ MODUGNO;PRP - PRP / PTC / PT do B;1.623;0,03 %
0780;65265;KAK� DO AUTO CENTER;PC do B;1.609;0,03 %
0781;27015;PROFESSOR LINDBERG;PSDC;1.602;0,03 %
0782;77555;FABIO CANO BUCHECHA;SD;1.600;0,03 %
0783;65512;PROFESSOR JO�O CARVALHO FIO;PC do B;1.515;0,03 %
0784;17122;S�RGIO FOTOGR�FO;PSL;1.476;0,03 %
0785;16300;PROF. FLAVIA;PSTU;1.470;0,03 %
0786;27200;WILLIAM FREITAS;PSDC;1.467;0,03 %
0787;65165;NILDA NEVES;PC do B;1.467;0,03 %
0788;17211;GERALDO MALUFF;PSL;1.450;0,03 %
0789;44566;LUIZ COPATI;PRP - PRP / PTC / PT do B;1.450;0,03 %
0790;36444;RONI REIS;PTC - PRP / PTC / PT do B;1.446;0,03 %
0791;65500;NELSINHO FERREIRA;PC do B;1.443;0,03 %
0792;65121;JORGE FUZIL;PC do B;1.429;0,03 %
0793;70700;PROF. GENIVAL;PT do B - PRP / PTC / PT do B;1.415;0,03 %
0794;65551;MARCELO PEZ�O;PC do B;1.414;0,03 %
0795;77444;DELVAIR PRADO;SD;1.411;0,03 %
0796;28000;LUCIO DIAS DO PROERD;PRTB;1.391;0,03 %
0797;51193;TENENTE BRITO BOMBEIRO;PEN;1.390;0,03 %
0798;65030;SHARYLAINE;PC do B;1.366;0,03 %
0799;17875;PASTOR ALMIR;PSL;1.348;0,03 %
0800;44001;WALDIR PERES GOLEIRO SELE��O;PRP - PRP / PTC / PT do B;1.341;0,03 %
0801;65656;EDUARDO GUIMAR�ES;PC do B;1.304;0,02 %
0802;17187;AGEU;PSL;1.271;0,02 %
0803;77880;PROFESSORA NILVA;SD;1.258;0,02 %
0804;28100;UMBERTO;PRTB;1.243;0,02 %
0805;36500;BETO;PTC - PRP / PTC / PT do B;1.211;0,02 %
0806;44062;PASTOR PAULINHO ALELUIA;PRP - PRP / PTC / PT do B;1.207;0,02 %
0807;28911;SARGENTO LIMA;PRTB;1.160;0,02 %
0808;28357;SIGMAR DUPRE;PRTB;1.158;0,02 %
0809;54222;BOBY SANTOS;PPL;1.137;0,02 %
0810;27777;DELEGADA CELI;PSDC;1.129;0,02 %
0811;70500;XEIQUE;PT do B - PRP / PTC / PT do B;1.103;0,02 %
0812;17233;ED CARLOS;PSL;1.096;0,02 %
0813;27222;SKAF;PSDC;1.093;0,02 %
0814;51123;CARL�O CADILLAC;PEN;1.082;0,02 %
0815;65060;ITAMAR SUSU;PC do B;1.072;0,02 %
0816;70133;DR. PAULO ROSENO;PT do B - PRP / PTC / PT do B;1.066;0,02 %
0817;44007;DR. GENESIO;PRP - PRP / PTC / PT do B;1.059;0,02 %
0818;65050;DENIS VEIGA;PC do B;1.053;0,02 %
0819;28333;JULIAO DO GAS;PRTB;1.031;0,02 %
0820;44320;RICARDO PENETRA;PRP - PRP / PTC / PT do B;1.025;0,02 %
0821;65010;ALESSANDRO BUZO;PC do B;1.023;0,02 %
0822;18456;ANDR� RICARDO JURUNA;REDE;1.021;0,02 %
0823;17077;PROFESSOR MENNA;PSL;1.015;0,02 %
0824;65410;FRANCIS CABELEIREIRO;PC do B;1.004;0,02 %
0825;65777;SAMUEL OLIVEIRA;PC do B;991;0,02 %
0826;54012;HENRIQUE NOSTORIO;PPL;963;0,02 %
0827;17377;ALEX FREGUESIA DO �;PSL;960;0,02 %
0828;28101;CICERO SILVA;PRTB;960;0,02 %
0829;16016;ANA LUIZA;PSTU;958;0,02 %
0830;27202;LUCIANA LASPRO;PSDC;950;0,02 %
0831;18100;KLEBER VELHO;REDE;944;0,02 %
0832;36777;CORRETOR ALVES;PTC - PRP / PTC / PT do B;937;0,02 %
0833;51444;TALES LOMBARDI;PEN;936;0,02 %
0834;36129;MARILIA MARTINS;PTC - PRP / PTC / PT do B;935;0,02 %
0835;65600;CICERA;PC do B;921;0,02 %
0836;51333;CARLOS AUGUSTO;PEN;902;0,02 %
0837;51051;MARQUINHOS;PEN;892;0,02 %
0838;17157;JESSICA CARDOSO;PSL;880;0,02 %
0839;77333;NINHO SILVESTRE;SD;847;0,02 %
0840;17700;LUIZINHO;PSL;837;0,02 %
0841;77999;ANA TRINDADE;SD;816;0,02 %
0842;28456;MARCELO OLIVEIRA SUCESSO;PRTB;815;0,02 %
0843;54000;FABIANO PAVIO;PPL;791;0,01 %
0844;27221;LUCIANA BORGES;PSDC;771;0,01 %
0845;65234;VALMIR VERAS;PC do B;767;0,01 %
0846;44292;ED CARLOS CANTOR JOVEM GUARDA;PRP - PRP / PTC / PT do B;756;0,01 %
0847;65444;RAIMUNDO BORGES;PC do B;751;0,01 %
0848;77762;PARDAL TIO DA ESCOLA;SD;728;0,01 %
0849;27444;MARIA MELLO;PSDC;727;0,01 %
0850;77123;PASTOR EUGENIO;SD;724;0,01 %
0851;44414;J. SANTOS;PRP - PRP / PTC / PT do B;724;0,01 %
0852;17454;MARIA DO LEITE;PSL;720;0,01 %
0853;18123;FRANCISCO VINICIUS;REDE;719;0,01 %
0854;18190;SERGIO BOMFIM;REDE;718;0,01 %
0855;65888;LOURIVALDO PRATES;PC do B;716;0,01 %
0856;18800;MADALENA BUZZO;REDE;700;0,01 %
0857;28222;YURI COSTA;PRTB;684;0,01 %
0858;54321;ED ALECRIM;PPL;684;0,01 %
0859;51121;NISA;PEN;673;0,01 %
0860;44456;ELSO ARAUJO;PRP - PRP / PTC / PT do B;669;0,01 %
0861;77154;FLOR;SD;666;0,01 %
0862;65005;FERNANDO RIPOL;PC do B;665;0,01 %
0863;51777;DR ROGERIO LANZOTI;PEN;665;0,01 %
0864;65017;VALMIR � FIEL;PC do B;660;0,01 %
0865;18333;DENIS DUCK;REDE;650;0,01 %
0866;70152;JORGE NOGUEIRA;PT do B - PRP / PTC / PT do B;646;0,01 %
0867;27111;LUIS CARLOS - O MID�;PSDC;637;0,01 %
0868;44930;JASSA;PRP - PRP / PTC / PT do B;636;0,01 %
0869;44199;RENE� TOMAS;PRP - PRP / PTC / PT do B;636;0,01 %
0870;27270;MARTINS DE ABREU;PSDC;633;0,01 %
0871;17677;K�TIA BASTOS;PSL;633;0,01 %
0872;27116;CARLINHOS;PSDC;621;0,01 %
0873;36244;SOUZA PIAUI;PTC - PRP / PTC / PT do B;621;0,01 %
0874;77611;TIO PIZZA;SD;617;0,01 %
0875;54444;PAULO LEONARDO SERVO;PPL;617;0,01 %
0876;44555;EDY;PRP - PRP / PTC / PT do B;612;0,01 %
0877;36193;BOMBEIRO LUCIANO FREIRE;PTC - PRP / PTC / PT do B;605;0,01 %
0878;27133;DR. S�RGIO;PSDC;604;0,01 %
0879;44045;UZIEL NASCIMENTO;PRP - PRP / PTC / PT do B;602;0,01 %
0880;27028;ANA FRAIMAN;PSDC;599;0,01 %
0881;65093;TONH�O DO PALMEIRAS;PC do B;590;0,01 %
0882;51222;BIN LADE;PEN;587;0,01 %
0883;65020;MAISA LOPES;PC do B;587;0,01 %
0884;27773;MARCELO KING;PSDC;575;0,01 %
0885;77788;ROQUE JORGE;SD;572;0,01 %
0886;28234;SUELI DO SKINAO;PRTB;567;0,01 %
0887;28118;KENNEDY;PRTB;567;0,01 %
0888;77193;WAGNER SILVA;SD;566;0,01 %
0889;51453;PROFESSORA MARLENE;PEN;563;0,01 %
0890;27004;SAITO-SAN;PSDC;562;0,01 %
0891;65024;TIAGO CUTY;PC do B;559;0,01 %
0892;17333;CHINA NEUZA;PSL;553;0,01 %
0893;51888;PR� MAJ�;PEN;551;0,01 %
0894;65432;ANGELA;PC do B;551;0,01 %
0895;77455;ADEMIR ALONSO;SD;545;0,01 %
0896;44144;ANDR�A JOFRE FILHA EDER JOFRE;PRP - PRP / PTC / PT do B;538;0,01 %
0897;44155;JOABE;PRP - PRP / PTC / PT do B;536;0,01 %
0898;27192;MARQUINHOS DO ACA�;PSDC;535;0,01 %
0899;51052;KULLER TASSO;PEN;534;0,01 %
0900;17431;PEDAGOGA FERNANDA ANDRADE;PSL;518;0,01 %
0901;16160;PROFESSOR JO�O BATISTA;PSTU;511;0,01 %
0902;65120;TATY DA AMBUL�NCIA;PC do B;506;0,01 %
0903;28190;CORONEL CASTRO;PRTB;505;0,01 %
0904;51500;CASARETTI;PEN;504;0,01 %
0905;17555;LUIZ CORR�A;PSL;503;0,01 %
0906;77058;PROFESSOR ADRIANO;SD;502;0,01 %
0907;28678;IVANILDO ZONA SUL;PRTB;501;0,01 %
0908;54819;SANTOS;PPL;499;0,01 %
0909;44999;RODRIGO SALES BARBOSA;PRP - PRP / PTC / PT do B;496;0,01 %
0910;28008;DR. EM�DIO;PRTB;495;0,01 %
0911;54777;HENRIQUE PEIXINHO;PPL;490;0,01 %
0912;36036;GERSON;PTC - PRP / PTC / PT do B;489;0,01 %
0913;44113;MOISES FERREIRA;PRP - PRP / PTC / PT do B;485;0,01 %
0914;17190;FERNANDO COVRE;PSL;476;0,01 %
0915;27446;PASTOR SEVERINO;PSDC;474;0,01 %
0916;77567;THELL MORENO;SD;473;0,01 %
0917;27337;JOAO FERREIRA;PSDC;469;0,01 %
0918;18101;LUIZ ROGERIO;REDE;468;0,01 %
0919;44569;CLOVIS CASSIANO;PRP - PRP / PTC / PT do B;458;0,01 %
0920;65255;REGIANE;PC do B;457;0,01 %
0921;17055;ENIO TADEU;PSL;454;0,01 %
0922;36111;PASTOR FABIO GONCALVES;PTC - PRP / PTC / PT do B;452;0,01 %
0923;17469;GALDINO ESTRELA "ERALDO";PSL;451;0,01 %
0924;27999;CLAUDIO SABINO;PSDC;449;0,01 %
0925;28013;OSVALDO MENESES;PRTB;449;0,01 %
0926;36999;GRACA SILVA;PTC - PRP / PTC / PT do B;448;0,01 %
0927;44013;DOJEVAL;PRP - PRP / PTC / PT do B;448;0,01 %
0928;44158;OTAC�LIO MATOS;PRP - PRP / PTC / PT do B;438;0,01 %
0929;17317;LEONORA LISBOA;PSL;437;0,01 %
0930;17007;SILVIA NAKANO;PSL;432;0,01 %
0931;28328;VERA LUCIA RANU;PRTB;426;0,01 %
0932;77158;LUIZ FERNANDO;SD;421;0,01 %
0933;36010;PASTOR ONOFRE;PTC - PRP / PTC / PT do B;415;0,01 %
0934;36501;ESTRELA COSTA;PTC - PRP / PTC / PT do B;413;0,01 %
0935;44000;MAYZA ADVOGADA SOLID�RIA;PRP - PRP / PTC / PT do B;409;0,01 %
0936;17357;ANDREZINHO;PSL;407;0,01 %
0937;70335;GIL BALA;PT do B - PRP / PTC / PT do B;401;0,01 %
0938;36077;GUILHERME BOAVENTURA;PTC - PRP / PTC / PT do B;400;0,01 %
0939;27277;ANDERSON DA ACESSIBILIDADE;PSDC;397;0,01 %
0940;51192;BETO SIQUEIRA;PEN;396;0,01 %
0941;77016;SID�O M�O DE PIL�O;SD;394;0,01 %
0942;54193;PROFESSORA CELINA;PPL;393;0,01 %
0943;27333;MARQUINHOS O QUE O QUE O QUE?;PSDC;392;0,01 %
0944;44955;NIVALDO MOURA;PRP - PRP / PTC / PT do B;391;0,01 %
0945;27077;JEAN PAULO;PSDC;389;0,01 %
0946;77175;JAJ� TORRES;SD;387;0,01 %
0947;44636;CLEIDE MARIA;PRP - PRP / PTC / PT do B;386;0,01 %
0948;36333;PAULO EMENDABILI;PTC - PRP / PTC / PT do B;380;0,01 %
0949;65321;GARRIDO DO BOXE;PC do B;380;0,01 %
0950;51181;ELAINE BARBOZA;PEN;380;0,01 %
0951;18118;RONALDO SANTOS;REDE;379;0,01 %
0952;65666;SHAMPOO;PC do B;378;0,01 %
0953;28040;CES�RIO LANGE CORONEL;PRTB;377;0,01 %
0954;77200;MAZZA DO FUTSAL;SD;372;0,01 %
0955;36512;MARCELO DA ENTREGA RAPIDA;PTC - PRP / PTC / PT do B;369;0,01 %
0956;44128;MAURICIO;PRP - PRP / PTC / PT do B;368;0,01 %
0957;27153;ELIAZER RODELLA;PSDC;362;0,01 %
0958;44200;PROF� RENATA ORTIGOSA;PRP - PRP / PTC / PT do B;357;0,01 %
0959;27700;SERGIO S�;PSDC;354;0,01 %
0960;65006;ROBERTO DO NOVO S�O NORBERTO;PC do B;351;0,01 %
0961;54054;GILSON VENTURA;PPL;348;0,01 %
0962;77020;OSVALDO NUNES;SD;346;0,01 %
0963;17553;ROMILDO FIDELIS;PSL;345;0,01 %
0964;27154;CID�O EVANGELISTA;PSDC;344;0,01 %
0965;17389;JOANIRO AMANCIO "RATINHO RATO";PSL;344;0,01 %
0966;65082;SILVANA DO SINDICATO;PC do B;342;0,01 %
0967;27127;GIBA;PSDC;338;0,01 %
0968;28888;DR RUI;PRTB;334;0,01 %
0969;44016;VALAD�O DA CONSTRU��O;PRP - PRP / PTC / PT do B;334;0,01 %
0970;27016;JOHNNY DOS TRANSPORTES;PSDC;333;0,01 %
0971;36754;ALCIDES PEREIRA;PTC - PRP / PTC / PT do B;326;0,01 %
0972;27035;IZAUL AGUIAR;PSDC;324;0,01 %
0973;17369;GILSON MENDES;PSL;324;0,01 %
0974;54111;SIMPATIA;PPL;324;0,01 %
0975;27272;ALESSANDRO CORTEZI;PSDC;323;0,01 %
0976;65230;FERNANDO QUARESMA;PC do B;320;0,01 %
0977;18918;TEREZA MIGUEL;REDE;317;0,01 %
0978;17770;DR ALEXANDRE;PSL;317;0,01 %
0979;27299;VANDERLINO MACHADO;PSDC;315;0,01 %
0980;18008;RENATA VIEIRA;REDE;315;0,01 %
0981;28883;GERSON NUNES;PRTB;313;0,01 %
0982;51555;VINICIUS RECIO;PEN;310;0,01 %
0983;27000;TALITA EYMAEL;PSDC;309;0,01 %
0984;77077;ISA GODOY;SD;308;0,01 %
0985;77277;RODRIGO DO CARMO;SD;303;0,01 %
0986;65665;FABIO LIBERIO;PC do B;302;0,01 %
0987;27345;DANILO CAMPAGNUCCI;PSDC;298;0,01 %
0988;17880;DONY CALLEB;PSL;295;0,01 %
0989;70000;PERA;PT do B - PRP / PTC / PT do B;294;0,01 %
0990;65479;EDNA SILVA;PC do B;293;0,01 %
0991;54123;NAZARENO;PPL;293;0,01 %
0992;77717;EDSON GUERREIRO;SD;292;0,01 %
0993;17477;PAULINHO CACHOEIRA;PSL;289;0,01 %
0994;27558;IZAMAR;PSDC;288;0,01 %
0995;51110;VERA FRAN�A;PEN;286;0,01 %
0996;44666;JO�O BOSCO LOPES;PRP - PRP / PTC / PT do B;286;0,01 %
0997;44011;CARMEN UCH�A;PRP - PRP / PTC / PT do B;283;0,01 %
0998;27147;EMERALDO LOPES;PSDC;279;0,01 %
0999;54101;EDINALDO ALENCAR;PPL;279;0,01 %
1000;51511;MAURO HASHIMOTO;PEN;277;0,01 %
1001;36600;TEKA ESTEVES;PTC - PRP / PTC / PT do B;276;0,01 %
1002;44022;ORIDES MARTINS (TIC�O);PRP - PRP / PTC / PT do B;276;0,01 %
1003;27125;C�CERO DE HOLAMBA;PSDC;274;0,01 %
1004;77477;CLAUDIA DRYGALA;SD;269;0,01 %
1005;65057;EFIG�NIA JANU�RIA;PC do B;267;0,01 %
1006;16123;PROF.� GABRIELA;PSTU;266;0,01 %
1007;65515;DRA. MONICA CHAVES;PC do B;265;0,01 %
1008;65045;TIA ROSE VILA INDUSTRIAL;PC do B;263;0,01 %
1009;27190;ASSIS;PSDC;263;0,01 %
1010;44758;RENATO BORGIANI;PRP - PRP / PTC / PT do B;261;0,01 %
1011;77325;SONIA GARCIA;SD;260;0,01 %
1012;27890;CARLOS JAPPA;PSDC;260;0,01 %
1013;28123;BELLO;PRTB;253;0,01 %
1014;36366;NEG�O MAR�O;PTC - PRP / PTC / PT do B;252;0,01 %
1015;44296;MORENA VALENTE;PRP - PRP / PTC / PT do B;252;0,01 %
1016;27117;DOMARASCKI;PSDC;250;0,01 %
1017;44168;ANISIO ELVIS DA PRACA RAMOS;PRP - PRP / PTC / PT do B;246;0,01 %
1018;77006;MARCIO BENVENUTO;SD;246;0,01 %
1019;28555;SUBOFICIAL ALECRIM;PRTB;245;0,01 %
1020;36666;JOAO MANUEL;PTC - PRP / PTC / PT do B;244;0,01 %
1021;65555;ISRAEL NERI;PC do B;244;0,01 %
1022;65200;THIAGO GORD�O;PC do B;244;0,01 %
1023;17800;ELIO RIBEIRO;PSL;243;0,01 %
1024;65023;M�RCIO EVANGELISTA;PC do B;241;0,01 %
1025;65333;FENELON COSTA;PC do B;238;0,01 %
1026;44190;LAW;PRP - PRP / PTC / PT do B;236;0,01 %
1027;77112;VERA DIAS;SD;233;0,01 %
1028;28777;MIRVAT FARAH;PRTB;233;0,01 %
1029;65650;ALEX GARCIA;PC do B;233;0,01 %
1030;65013;DEL KALANGOS;PC do B;233;0,01 %
1031;65069;GLORINHA ETERNA EMBAIXATRIZ;PC do B;219;0,01 %
1032;36800;WILLIANS ROCHA - ZE BONITINHO;PTC - PRP / PTC / PT do B;219;0,01 %
1033;51007;PROFESSOR DUDU;PEN;218;0,01 %
1034;27157;CIDA ARAUJO (NENA);PSDC;216;0,01 %
1035;36066;MEU QUERIDO;PTC - PRP / PTC / PT do B;216;0,01 %
1036;17977;SONIA VAZ;PSL;216;0,01 %
1037;28444;MADRUGA;PRTB;215;0,01 %
1038;44600;PROF.MUNHOZ O HOMEM DA MOTO;PRP - PRP / PTC / PT do B;212;0,01 %
1039;65111;NENA MACHADO;PC do B;211;0,01 %
1040;65580;LAMPA;PC do B;210;0,01 %
1041;54400;THIAGO KAWABATA;PPL;210;0,01 %
1042;27088;JAIMINHO KIXODO;PSDC;207;0,01 %
1043;17613;RENIA AMARANTE;PSL;207;0,01 %
1044;65161;MIRIAM DAS FLORES;PC do B;206;0,01 %
1045;77588;DRA. C�SSIA TOLEDO;SD;205;0,01 %
1046;17500;JACK FITNESS;PSL;204;0,01 %
1047;44222;ROSANGELA ROSA;PRP - PRP / PTC / PT do B;202;0,01 %
1048;44900;ITAMAR SENA;PRP - PRP / PTC / PT do B;199;0,01 %
1049;36100;REANOLFO;PTC - PRP / PTC / PT do B;196;0,01 %
1050;77789;VOV� DO FUNK;SD;193;0,01 %
1051;77174;CLAUDETE MARTINS;SD;190;0,01 %
1052;27776;FRANCISCO CEAR�;PSDC;190;0,01 %
1053;27007;AMILCAR O AGENTE 007;PSDC;190;0,01 %
1054;36200;JOTAPE;PTC - PRP / PTC / PT do B;189;0,01 %
1055;77708;CARLOS BALADO;SD;189;0,01 %
1056;28143;DANIELA RODRIGUES;PRTB;186;0,01 %
1057;65177;GENILDO DANTAS;PC do B;185;0,01 %
1058;77889;DINAH;SD;183;0,01 %
1059;65011;BIANCA GUEDES;PC do B;183;0,01 %
1060;27100;RAFAEL ABUD;PSDC;181;0,01 %
1061;17155;LIMA;PSL;179;0,01 %
1062;77009;INALDO DA CONSTRU��O CIVIL;SD;178;0,01 %
1063;27001;MONICA MATHIAS;PSDC;178;0,01 %
1064;77222;RUB�O DOS APOSENTADOS;SD;177;0,01 %
1065;17033;PEGADINHA;PSL;176;0,01 %
1066;27072;TUTU RAPOSA;PSDC;174;0,01 %
1067;28880;CORDELIZA;PRTB;174;0,01 %
1068;27456;ROBERTA GASPAR;PSDC;173;0,01 %
1069;27027;FL�VIO CERINO;PSDC;173;0,01 %
1070;16155;SORAYA MISLEH;PSTU;172;0,01 %
1071;54025;CLEIDE ALMEIDA;PPL;172;0,01 %
1072;54100;AILTON TEODORO;PPL;172;0,01 %
1073;28223;FLAVITCHA MAIA;PRTB;166;0,01 %
1074;70123;GILVAN;PT do B - PRP / PTC / PT do B;163;0,01 %
1075;77135;V�;SD;161;0,01 %
1076;29299;JESULINO PEREIRA;PCO;161;0,01 %
1077;44777;DALILA DE CRISTO;PRP - PRP / PTC / PT do B;160;0,01 %
1078;28378;CLAUDIA CARVALHO;PRTB;159;0,01 %
1079;51551;MARIANA MASSON;PEN;158;0,01 %
1080;51069;FABIO CARRARA;PEN;157;0,01 %
1081;65012;ODENILDO;PC do B;156;0,01 %
1082;77171;DANIEL;SD;155;0,01 %
1083;44567;M�RCIA CASATI;PRP - PRP / PTC / PT do B;153;0,01 %
1084;17456;RODRIGO REY;PSL;153;0,01 %
1085;28020;LAURA FERNANDA;PRTB;151;0,01 %
1086;27024;DOMINGOS ANUNCIA��O;PSDC;146;0,01 %
1087;65016;FREITAS NABONO;PC do B;145;0,01 %
1088;54073;ANTONIO VALDO;PPL;145;0,01 %
1089;28500;CLAUDIO RIBEIRO;PRTB;144;0,01 %
1090;17769;LEANDRA MOREIRA;PSL;143;0,01 %
1091;28007;LULY;PRTB;141;0,01 %
1092;77919;PROFESSORA FABIANA;SD;140;0,01 %
1093;65700;CINTIA MUNIZ;PC do B;139;0,01 %
1094;27321;CRISTINA LIMA;PSDC;138;0,01 %
1095;28112;RENNE VIEIRA DE CARVALHO;PRTB;137;0,01 %
1096;54500;IVONEIDE;PPL;136;0,01 %
1097;28003;SHIFU;PRTB;135;0,01 %
1098;77118;SEVERINO;SD;134;0,01 %
1099;44457;ZENAIDE;PRP - PRP / PTC / PT do B;132;0,01 %
1100;65125;DENIVALDO SANTANA;PC do B;129;0,01 %
1101;44192;ALLISON;PRP - PRP / PTC / PT do B;128;0,01 %
1102;27152;CARLOS KATATAW;PSDC;128;0,01 %
1103;70007;ISMAEL BELO;PT do B - PRP / PTC / PT do B;127;0,01 %
1104;44018;PRYSCILLA;PRP - PRP / PTC / PT do B;127;0,01 %
1105;27969;SANTANA SEM PREGUI�A;PSDC;126;0,01 %
1106;77234;JAJ�;SD;126;0,01 %
1107;65771;MUSTAF�;PC do B;126;0,01 %
1108;54290;JALMIRA DO CARMO;PPL;125;0,01 %
1109;65180;RONALDO CRUZ;PC do B;125;0,01 %
1110;28111;ADRIANO O CAMINHONEIRO;PRTB;123;0,01 %
1111;77432;JULIANA PAZINATTO;SD;121;0,01 %
1112;65075;PATRICIA DO SINDICATO;PC do B;119;0,01 %
1113;77890;ELVIS VIEIRA;SD;118;0,01 %
1114;51351;MARCOS EDUARDO RODRIGUES;PEN;117;0,01 %
1115;17908;MARA SILVA;PSL;115;0,01 %
1116;17125;SILVA FERNANDES;PSL;114;0,01 %
1117;17004;ANDERSON FERRARO;PSL;114;0,01 %
1118;77183;MAGNO NATA;SD;113;0,01 %
1119;27227;PATRICIA TANI;PSDC;111;0,01 %
1120;65466;MARIA RIBEIRO;PC do B;110;0,01 %
1121;77888;JB SILVA;SD;110;0,01 %
1122;65652;ALMEIDA PORTEIRO;PC do B;109;0,01 %
1123;54333;DENISE DEDA;PPL;108;0,01 %
1124;36802;JOSE AILTON;PTC - PRP / PTC / PT do B;105;0,01 %
1125;27555;ALEXANDRE GALDI;PSDC;105;0,01 %
1126;27160;SONINHA CIPRIANO;PSDC;105;0,01 %
1127;44453;FLORINDA;PRP - PRP / PTC / PT do B;101;0,01 %
1128;51032;ARLETE SANTOS;PEN;101;0,01 %
1129;16789;S�RGIO KOEI;PSTU;101;0,01 %
1130;77648;GERALDO DE SOUZA;SD;99;0,01 %
1131;27005;CRIS PINNHEIRO;PSDC;98;0,01 %
1132;51860;PAULINHO DA PIPOCA;PEN;97;0,01 %
1133;17013;FABIANO SHOW;PSL;96;0,01 %
1134;77315;THANYA MOTTA;SD;95;0,01 %
1135;44180;PATRICIA ARRUDA APOLINARIO;PRP - PRP / PTC / PT do B;95;0,01 %
1136;17713;NALVA SOUZA;PSL;95;0,01 %
1137;27057;VALDIR LUIZ;PSDC;93;0,01 %
1138;28951;ZE PELLIN;PRTB;92;0,01 %
1139;27577;NARCISO;PSDC;92;0,01 %
1140;54888;CIDA  SOUSA;PPL;91;0,01 %
1141;51999;BENJAMIM;PEN;89;0,01 %
1142;16500;PROFESSOR LEANDRO;PSTU;88;0,01 %
1143;28632;VERUSKA RODRIGUES;PRTB;82;0,01 %
1144;77177;MARCIA CARDOSO;SD;82;0,01 %
1145;77100;BOMFIM;SD;82;0,01 %
1146;27030;PROFESSORA CLAUDETE GOMES;PSDC;81;0,01 %
1147;28068;PROFESSOR TITO;PRTB;81;0,01 %
1148;77778;DAVI MORAES;SD;80;0,01 %
1149;27031;VERA GOMES;PSDC;80;0,01 %
1150;44944;SONIA GUERREIRO;PRP - PRP / PTC / PT do B;80;0,01 %
1151;44823;ANDREA LETICIA;PRP - PRP / PTC / PT do B;80;0,01 %
1152;44161;ANDREA NUNES;PRP - PRP / PTC / PT do B;79;0,01 %
1153;65133;PASTOR EMERSON;PC do B;78;0,01 %
1154;29129;NATALIA PIMENTA;PCO;77;0,01 %
1155;65135;ROMILDO PIAU�;PC do B;75;0,01 %
1156;51627;BEATRIZ VALCHI;PEN;74;0,01 %
1157;27237;ISMAEL;PSDC;72;0,01 %
1158;77269;KARIUM BRIZOLA;SD;71;0,01 %
1159;65007;GET�LIO VARGAS;PC do B;66;0,01 %
1160;70377;ROSA RIBEIRO;PT do B - PRP / PTC / PT do B;66;0,01 %
1161;54015;Z� MARIA;PPL;65;0,01 %
1162;29290;DORA DOS SANTOS;PCO;65;0,01 %
1163;28737;GONDOLFO FILHO;PRTB;63;0,01 %
1164;77577;MARCOS BRITO;SD;62;0,01 %
1165;16161;ELLEN;PSTU;61;0,01 %
1166;27002;ELIANA;PSDC;60;0,01 %
1167;28080;OBREIRO CLARO;PRTB;59;0,01 %
1168;28177;MAURICIO GABAI;PRTB;58;0,01 %
1169;65737;VAL�RIA RODRIGUES;PC do B;57;0,01 %
1170;29291;MARCIO ROBERTO;PCO;56;0,01 %
1171;17129;CLEBER DO ARROCHA;PSL;55;0,01 %
1172;17014;LUIZ SORIANO;PSL;52;0,01 %
1173;51510;JORGE MATOS;PEN;48;0,01 %
1174;77800;AYRAM RIBEIRO;SD;47;0,01 %
1175;27234;Z� DO FOG�O;PSDC;42;0,01 %
1176;27021;ROSA ISIDORO;PSDC;41;0,01 %
1177;36123;BEA SANGUE BOM;PTC - PRP / PTC / PT do B;40;0,01 %
1178;17177;PROFESSORA BETE;PSL;37;0,01 %
1179;65332;CARMEN MIRANDA;PC do B;34;0,01 %
1180;16600;JORGE BREOGAN;PSTU;34;0,01 %
1181;27300;PAULINHO PIMENTEL;PSDC;33;0,01 %
1182;27020;SIMONE HIEDA;PSDC;29;0,01 %
1183;28074;RISLAINE FEITOZA;PRTB;24;0,01 %
1184;27551;IRENE TARABORELLI;PSDC;23;0,01 %
1185;28775;DUDU JOVEM;PRTB;23;0,01 %
1186;65015;KELLY TAVARES;PC do B;15;0,01 %
1187;27037;REGINA MARIANO;PSDC;14;0,01 %
1188;17321;CARINA PORTELA;PSL;10;0,01 %
1189;77312;ZILDA DO CARMO;SD;6;0,01 %
1190;17917;SUHELLEN SILVA;PSL;6;0,01 %
1191;17554;CAROL VALIM;PSL;6;0,01 %
1192;77390;DIRCE LOPES;SD;5;0,01 %
1193;17852;JOSE;PSL;4;0,01 %
#1194;27003;DINIZ ROCHA;PSDC;0;0,00 %
#1195;54110;DIRCE BASILE;PPL;0;0,00 %
#1196;51707;LAURA SETTE;PEN;0;0,00 %
#1197;77144;NELSON BENTO;SD;0;0,00 %
#1198;21021;PROF. MAZZEO;PCB - PSOL / PCB;0;0,00 %
#1199;15888;RICARDO CORA��O DE LE�O;PMDB - PMDB / PSD;0;0,00 %
#1200;17001;ZOCCA;PSL;0;0,00 %
#1201;51377;EUNIVALDO ABADE;PEN;0;0,00 %
#1202;17130;CICERO BRITO;PSL;0;0,00 %
#1203;27051;LUIZ BRITO;PSDC;0;0,00 %
#1204;17712;DONA N�IA;PSL;0;0,00 %
#1205;17756;EDINOR� DA SA�DE;PSL;0;0,00 %
#1206;77731;VERA LUCIA DONDA;SD;0;0,00 %
#1207;25111;NAVARRA;DEM - PSDB / PSB / PP / DEM;0;0,00 %
#1208;17003;JOC�O;PSL;0;0,00 %
#1209;27008;ROSIMEIRE DAINEZ;PSDC;0;0,00 %
#1210;51111;SILVIA PALMA;PEN;0;0,00 %
#1211;27059;LUIZ ALBERTO;PSDC;0;0,00 %
#1212;17017;PROFESSORA MARILDA WATANABE;PSL;0;0,00 %
#1213;17600;SANTANA;PSL;0;0,00 %
#1214;51015;OCIMAR SCOPEL;PEN;0;0,00 %
#1215;51190;GAMA;PEN;0;0,00 %
#1216;28900;RITA LOBO PECANHA;PRTB;0;0,00 %
#1217;27900;CABO FILHO;PSDC;0;0,00 %
#1218;51010;ELISIO CARDOSO;PEN;0;0,00 %
#1219;50750;IRENE CORREA;PSOL - PSOL / PCB;0;0,00 %
#1220;27595;CELINA SOUZA;PSDC;0;0,00 %
#1221;90115;IZABEL CAETANO;PROS - PT / PDT / PR / PROS;0;0,00 %
#1222;17901;LURDINHA;PSL;0;0,00 %
#1223;31200;PAULO SERGIO MORO;PHS - PPS / PHS / PMB;0;0,00 %
#1224;14112;PASTOR CARDOSO;PTB;0;0,00 %
#1225;17100;SILMARA;PSL;0;0,00 %
#1226;17947;MEIRE;PSL;0;0,00 %
#1227;10104;OSVALDINHO FEIRA DA MADRUGADA;PRB - PRB / PSC;0;0,00 %
#1228;51100;DIOLINO MIGUEL GON�ALVES NETO;PEN;0;0,00 %
#1229;15651;CARL�O DA PROTE��O;PMDB - PMDB / PSD;0;0,00 %
#1230;90300;NETO;PROS - PT / PDT / PR / PROS;0;0,00 %
#1231;17222;CARLOS UILIAN;PSL;0;0,00 %
#1232;17121;ADILSON TAMU JUNTO;PSL;0;0,00 %
#1233;51600;GORETT DO BAIRRO;PEN;0;0,00 %
#1234;17111;ALEM�O;PSL;0;0,00 %
#1235;77600;PREGUINHO;SD;0;0,00 %
#1236;43199;PROFESSORA LORI;PV;0;0,00 %
#1237;27018;VITALINA ARAUJO DE LIMA;PSDC;0;0,00 %
#1238;17789;MIGUEL ABBUD;PSL;0;0,00 %
#1239;51107;ADILSON SANTOS;PEN;0;0,00 %
#1240;27888;RICARDO L. CARMO;PSDC;0;0,00 %
#1241;54354;ELIANE SOUZA;PPL;0;0,00 %
#1242;90555;CLEUZA FELIX;PROS - PT / PDT / PR / PROS;0;0,00 %
#1243;43012;DR. PAULO CESAR, O PC;PV;0;0,00 %
#1244;17577;VIVIAN PIN;PSL;0;0,00 %
#1245;40511;ADRIANO EDDIE;PSB - PSDB / PSB / PP / DEM;0;0,00 %
#1246;17987;RICARDO BRUSAROSCO;PSL;0;0,00 %
#1247;17777;GERSON DA CUNHA;PSL;0;0,00 %
#1248;90456;JOSEFA SILVA;PROS - PT / PDT / PR / PROS;0;0,00 %
#1249;17252;PASTOR;PSL;0;0,00 %
#1250;17128;DENIS AMBROSIO;PSL;0;0,00 %
#1251;17040;DOD� QUARENT�O;PSL;0;0,00 %
#1252;25222;RICARDO PAULON;DEM - PSDB / PSB / PP / DEM;0;0,00 %
#1253;17746;NEGUINHO;PSL;0;0,00 %
#1254;28170;PEDRO DO GRAJAU;PRTB;0;0,00 %
#1255;20120;TENENTE SILVA ROSA;PSC - PRB / PSC;0;0,00 %
#1256;27800;FERNANDO COIMBRA;PSDC;0;0,00 %
#1257;65640;RUBINHO DO POVO;PC do B;0;0,00 %
#1258;90100;LUCIA CAVALCANTI;PROS - PT / PDT / PR / PROS;0;0,00 %
#1259;51099;VANESSA SIMOES DA COSTA;PEN;0;0,00 %
#1260;77900;RUB�O;SD;0;0,00 %
#1261;17226;WESLEY SANTOS;PSL;0;0,00 %
#1262;50157;FABIO PEQUENO;PSOL - PSOL / PCB;0;0,00 %
#1263;55222;Z� LUIS;PSD - PMDB / PSD;0;0,00 %
#1264;27500;DIANA;PSDC;0;0,00 %
#1265;17133;JOS� SANTOS;PSL;0;0,00 %
#1266;17127;MANOEL C�NDIDO;PSL;0;0,00 %
#1267;36669;GUILHERME TADEU;PTC - PRP / PTC / PT do B;0;0,00 %
#1268;90000;RONI MUNIZ;PROS - PT / PDT / PR / PROS;0;0,00 %
#1269;27151;GASPAR MOTOBOY;PSDC;0;0,00 %
#1270;77138;T�NIA LOIRA;SD;0;0,00 %
#1271;77416;ROBSON DUARTE;SD;0;0,00 %
#1272;17277;FILIPE CELETI;PSL;0;0,00 %
#1273;50516;DAVID GUARANI;PSOL - PSOL / PCB;0;0,00 %
#1274;27678;DANNY LOPES;PSDC;0;0,00 %
#1275;13420;DANILO STRANO;PT - PT / PDT / PR / PROS;0;0,00 %
